type,role,mac,rssi,rate,sig_mode,mcs,bandwidth,smoothing,not_sounding,aggregation,stbc,fec_coding,sgi,noise_floor,ampdu_cnt,channel,secondary_channel,local_timestamp,ant,sig_len,rx_state,real_time_set,real_timestamp,len,CSI_DATA
CSI_DATA,AP,08:3A:F2:46:92:18,-54,11,0,0,0,0,0,0,0,0,0,-96,0,8,1,34897261,0,157,0,0,35.370615,128,[-99 -48 9 0 0 0 0 0 0 0 0 0 7 -22 3 -33 10 -18 10 -33 8 -16 1 -18 3 -15 8 -25 0 -29 1 -13 8 -20 16 -15 3 -19 8 -24 7 -21 11 -28 10 -27 19 -17 19 -21 19 -16 12 -14 15 -22 7 -21 13 -17 9 -18 11 -22 0 0 12 -19 13 -19 14 -20 11 -17 13 -18 12 -18 12 -18 12 -17 10 -17 11 -16 11 -18 11 -17 10 -17 10 -18 10 -16 10 -19 9 -17 9 -18 9 -17 8 -16 8 -17 7 -16 7 -16 6 -17 5 -16 5 -17 0 0 0 0 0 0 0 0 0 0 ]
CSI_DATA,AP,08:3A:F2:46:92:18,-64,11,1,7,1,1,1,0,0,0,1,-96,0,8,1,34992314,0,135,0,0,35.465078,384,[-121 112 8 0 0 0 0 0 0 0 0 0 -3 13 -3 13 -4 13 -5 13 -6 12 -6 13 -6 12 -6 12 -6 12 -7 11 -7 12 -7 11 -8 11 -8 10 -8 10 -7 10 -7 10 -7 10 -7 10 -7 10 -7 9 -7 9 -7 9 -7 10 -7 10 -6 9 0 0 -6 9 -6 10 -6 9 -5 9 -5 10 -4 9 -5 10 -4 9 -4 9 -4 9 -4 9 -4 10 -3 10 -3 10 -2 9 -2 9 -2 10 -1 9 -1 9 -1 9 -1 9 0 9 0 10 1 9 1 9 1 10 0 0 0 0 0 0 0 0 0 0 ]
CSI_DATA,AP,08:3A:F2:46:92:18,-62,11,1,7,1,1,1,0,0,0,1,-96,0,8,1,35454885,0,390,0,0,35.927508,384,[-122 -31 23 0 0 0 0 0 0 0 0 0 9 -8 10 -8 9 -7 10 -8 10 -7 11 -5 10 -5 10 -6 10 -6 10 -5 11 -4 10 -5 11 -5 10 -5 11 -5 10 -4 11 -4 10 -3 11 -3 10 -3 10 -4 10 -4 10 -3 10 -4 10 -3 10 -4 0 0 10 -3 10 -3 10 -4 9 -3 10 -4 9 -4 9 -4 9 -4 9 -4 8 -4 9 -5 8 -4 9 -4 9 -5 8 -5 8 -6 8 -6 8 -6 8 -7 8 -7 9 -7 8 -7 8 -7 8 -8 8 -8 8 -8 0 0 0 0 0 0 0 0 0 0 ]
CSI_DATA,AP,08:3A:F2:46:92:18,-66,11,1,7,1,1,1,0,0,0,1,-96,0,8,1,35507299,0,390,0,0,35.979913,384,[-122 -31 23 0 0 0 0 0 0 0 0 0 17 0 17 1 17 2 17 2 17 3 16 4 16 4 16 3 15 4 14 4 15 5 14 5 14 5 13 5 13 5 12 4 12 4 11 4 12 3 11 4 11 3 10 2 10 2 10 2 10 2 10 1 0 0 9 0 9 0 9 0 8 -1 9 -1 9 -2 8 -1 8 -2 8 -2 8 -2 8 -3 7 -3 7 -3 7 -4 7 -4 6 -5 7 -4 6 -5 5 -6 5 -5 5 -6 4 -6 4 -6 4 -6 4 -6 3 -6 0 0 0 0 0 0 0 0 0 0 ]
CSI_DATA,AP,08:3A:F2:46:92:18,-64,11,1,7,1,1,1,0,0,0,1,-96,0,8,1,35558598,0,82,0,0,36.31186,384,[82 -96 4 0 0 0 0 0 0 0 0 0 -6 14 -7 14 -8 13 -9 14 -9 13 -9 12 -8 12 -9 11 -9 11 -10 11 -10 11 -9 10 -10 10 -10 9 -9 9 -9 9 -9 9 -8 8 -8 9 -7 8 -7 8 -7 8 -7 8 -7 8 -7 8 -7 8 0 0 -6 8 -5 8 -5 8 -5 8 -5 9 -5 9 -4 9 -4 8 -4 9 -4 9 -3 9 -3 9 -3 9 -3 9 -2 9 -2 9 -2 9 -1 9 -2 9 -1 9 -1 9 -1 9 0 9 0 9 1 9 0 9 0 0 0 0 0 0 0 0 0 0 ]
CSI_DATA,AP,08:3A:F2:46:92:18,-62,11,0,0,0,0,0,0,0,0,0,-96,0,8,1,35955803,0,82,0,0,36.428540,128,[82 -96 4 0 0 0 0 0 0 0 0 0 28 -3 28 -1 27 -1 26 0 26 2 24 3 24 4 22 5 21 4 20 5 20 4 18 4 18 4 15 4 13 3 14 2 12 1 11 0 10 -1 10 -1 9 -3 9 -4 9 -5 9 -7 9 -8 9 -8 0 0 8 -10 8 -12 8 -13 7 -13 8 -14 8 -15 8 -15 9 -16 7 -17 8 -18 7 -20 8 -19 7 -21 8 -21 8 -23 8 -24 8 -25 9 -25 9 -25 9 -25 10 -26 9 -26 10 -26 10 -28 9 -27 10 -26 0 0 0 0 0 0 0 0 0 0 ]
CSI_DATA,AP,08:3A:F2:46:92:18,-50,11,0,0,0,0,0,0,0,0,0,-96,0,8,1,36455227,0,82,0,0,36.927950,128,[82 -96 4 0 0 0 0 0 0 0 0 0 -16 -12 -15 -13 -16 -13 -16 -14 -15 -14 -15 -15 -15 -15 -14 -15 -14 -16 -13 -15 -15 -16 -15 -15 -14 -16 -14 -15 -13 -16 -14 -15 -13 -16 -12 -14 -13 -15 -12 -15 -12 -15 -12 -14 -11 -14 -12 -14 -12 -13 -12 -14 0 0 -12 -13 -12 -12 -13 -12 -12 -11 -12 -12 -12 -12 -12 -11 -12 -11 -12 -10 -11 -11 -12 -10 -12 -10 -12 -9 -12 -10 -11 -9 -12 -10 -11 -8 -11 -9 -10 -8 -11 -9 -11 -8 -9 -8 -11 -8 -9 -8 -10 -7 -10 -7 0 0 0 0 0 0 0 0 0 0 ]
CSI_DATA,AP,08:3A:F2:46:92:18,-59,11,1,6,1,1,1,0,0,0,0,-96,0,8,1,36456438,0,82,0,0,36.972687,384,[82 -96 4 0 0 0 0 0 0 0 0 0 -20 8 -20 7 -20 7 -22 7 -21 7 -21 6 -22 6 -21 5 -22 5 -21 5 -22 5 -23 5 -22 5 -22 5 -21 4 -22 4 -22 3 -21 4 -21 4 -20 3 -21 4 -20 3 -20 3 -20 4 -19 4 -19 4 0 0 -18 4 -18 4 -18 5 -17 5 -18 4 -17 5 -17 5 -16 5 -16 5 -16 5 -15 6 -16 6 -15 6 -15 6 -15 5 -15 6 -14 6 -14 5 -14 5 -13 5 -13 5 -13 5 -12 5 -12 5 -12 5 -12 4 0 0 0 0 0 0 0 0 0 0 ]
CSI_DATA,AP,08:3A:F2:46:92:18,-60,11,0,0,0,0,0,0,0,0,0,-96,0,8,1,36721845,0,82,0,0,37.194537,128,[82 -96 4 0 0 0 0 0 0 0 0 0 8 -22 9 -23 9 -24 9 -24 9 -24 10 -25 11 -25 12 -24 11 -25 11 -25 11 -27 10 -26 11 -26 10 -25 12 -24 11 -26 11 -24 10 -24 10 -24 10 -23 10 -22 9 -22 8 -21 8 -22 7 -22 7 -21 0 0 6 -20 5 -20 4 -19 3 -18 4 -18 4 -17 3 -17 3 -15 2 -14 3 -14 2 -14 3 -12 2 -11 3 -10 3 -9 3 -8 3 -7 3 -5 4 -3 4 -2 4 0 3 1 4 3 4 4 4 6 5 7 0 0 0 0 0 0 0 0 0 0 ]
CSI_DATA,AP,08:3A:F2:46:92:18,-56,11,0,0,0,0,0,0,0,0,0,-96,0,8,1,36861991,0,37,0,0,37.334761,128,[37 80 2 0 0 0 0 0 0 0 0 0 17 13 17 14 17 14 19 15 17 15 17 17 16 17 16 17 16 18 16 17 19 17 18 17 18 17 17 16 16 18 17 17 16 18 15 16 15 18 14 17 14 17 14 17 13 15 15 15 15 15 14 15 0 0 13 14 14 13 14 13 14 11 13 12 13 12 12 11 12 11 12 10 12 10 13 9 11 8 11 7 10 8 10 7 10 6 10 6 9 5 8 5 8 4 6 4 6 2 4 2 5 -1 5 -1 4 -1 0 0 0 0 0 0 0 0 0 0 ]
CSI_DATA,AP,08:3A:F2:46:92:18,-56,11,0,0,0,0,0,0,0,0,0,-96,0,8,1,36863611,0,37,0,0,37.369976,128,[37 80 2 0 0 0 0 0 0 0 0 0 23 7 23 8 24 8 25 8 24 9 24 10 24 10 24 10 24 10 24 10 26 11 24 10 25 11 24 11 23 11 25 11 23 11 23 11 22 11 22 11 21 11 21 10 20 10 21 10 21 9 20 10 0 0 19 8 20 7 20 7 19 6 18 6 19 6 18 5 17 6 17 4 16 5 17 3 14 4 15 3 13 4 14 2 13 2 13 3 14 -1 10 1 7 1 10 -5 6 -3 9 2 4 -1 5 -3 7 -2 0 0 0 0 0 0 0 0 0 0 ]
CSI_DATA,AP,08:3A:F2:46:92:18,-56,11,0,0,0,0,0,0,0,0,0,-96,0,8,1,36863843,0,37,0,0,37.406955,128,[37 80 2 0 0 0 0 0 0 0 0 0 7 23 7 23 7 24 8 25 7 25 6 25 6 25 5 25 5 25 5 26 5 27 5 26 5 27 4 26 3 25 5 27 4 25 3 25 3 26 3 25 3 24 3 23 2 22 3 23 3 22 3 22 0 0 3 21 4 20 5 20 5 20 5 20 4 19 5 18 5 18 5 17 4 17 4 18 4 16 4 14 5 13 4 13 5 13 5 10 6 9 3 9 2 8 3 3 3 5 -1 5 6 7 6 1 2 1 0 0 0 0 0 0 0 0 0 0 ]
CSI_DATA,AP,08:3A:F2:46:92:18,-57,11,0,0,0,0,0,0,0,0,0,-96,0,8,1,36866017,0,84,0,0,37.443400,128,[84 -64 4 0 0 0 0 0 0 0 0 0 9 -22 10 -23 10 -22 10 -24 11 -23 12 -24 12 -23 12 -23 12 -22 12 -22 12 -24 12 -24 13 -24 12 -23 13 -22 12 -23 13 -23 12 -21 13 -22 13 -21 13 -20 12 -20 11 -19 11 -21 10 -21 11 -20 0 0 9 -19 9 -19 8 -20 7 -18 7 -18 7 -18 7 -18 7 -17 6 -16 6 -16 5 -17 5 -15 4 -14 4 -14 4 -13 3 -14 3 -12 2 -11 3 -9 1 -9 1 -9 0 -8 0 -6 -1 -6 -2 -5 -2 -4 0 0 0 0 0 0 0 0 0 0 ]
CSI_DATA,AP,08:3A:F2:46:92:18,-66,11,1,6,1,1,1,0,0,0,0,-96,0,8,1,36867370,0,84,0,0,37.484033,384,[84 -64 4 0 0 0 0 0 0 0 0 0 -3 10 -3 9 -3 9 -3 9 -3 9 -4 10 -4 10 -4 9 -4 9 -4 9 -5 10 -5 10 -5 10 -5 10 -5 9 -6 10 -5 10 -5 9 -5 10 -5 9 -5 8 -4 8 -4 8 -4 8 -5 8 -4 8 0 0 -4 8 -3 8 -3 8 -3 7 -3 7 -3 7 -3 7 -3 7 -3 7 -3 6 -2 7 -2 6 -2 6 -2 5 -2 5 -2 5 -1 4 -1 4 -1 3 -1 3 -1 3 -1 2 -1 2 0 1 0 1 1 0 0 0 0 0 0 0 0 0 0 0 ]
CSI_DATA,AP,08:3A:F2:46:92:18,-67,11,1,6,1,1,1,0,0,0,0,-96,0,8,1,36868228,0,84,0,0,37.520312,384,[84 -64 4 0 0 0 0 0 0 0 0 0 -10 3 -10 2 -10 2 -11 2 -11 2 -11 2 -10 1 -10 2 -10 1 -11 1 -11 2 -11 2 -11 2 -11 2 -12 1 -11 1 -11 1 -10 1 -11 0 -11 0 -10 1 -11 1 -10 1 -10 1 -10 2 -9 1 0 0 -9 2 -9 2 -9 1 -8 1 -8 2 -9 2 -8 2 -8 2 -8 2 -7 2 -7 2 -6 2 -6 2 -6 1 -5 1 -5 1 -4 1 -4 1 -5 1 -3 1 -3 2 -3 1 -2 1 -2 1 -1 1 0 1 0 0 0 0 0 0 0 0 0 0 ]
CSI_DATA,AP,08:3A:F2:46:92:18,-58,11,0,0,0,0,0,0,0,0,0,-96,0,8,1,36871772,0,84,0,0,37.558246,128,[84 -64 4 0 0 0 0 0 0 0 0 0 13 -20 13 -20 14 -20 14 -22 15 -21 16 -21 16 -20 16 -19 16 -19 16 -19 16 -22 16 -21 17 -21 16 -20 17 -19 16 -20 17 -20 16 -18 17 -19 17 -18 16 -17 16 -17 15 -16 15 -18 14 -18 15 -17 0 0 13 -16 12 -17 12 -17 10 -16 11 -16 11 -16 10 -15 10 -14 9 -13 9 -13 8 -14 8 -12 6 -12 7 -11 6 -10 5 -10 4 -10 4 -8 4 -7 2 -6 1 -6 0 -5 0 -4 -1 -4 -3 -2 -3 -2 0 0 0 0 0 0 0 0 0 0 ]
CSI_DATA,AP,08:3A:F2:46:92:18,-68,11,1,6,1,1,1,0,0,0,0,-96,0,8,1,36873135,0,84,0,0,37.600955,384,[84 -64 4 0 0 0 0 0 0 0 0 0 -4 9 -5 8 -5 8 -6 8 -6 8 -6 9 -6 9 -6 9 -6 9 -6 8 -6 9 -6 9 -6 9 -6 8 -7 8 -7 9 -7 8 -7 8 -7 8 -6 7 -7 7 -6 8 -6 7 -6 7 -6 7 -6 7 0 0 -6 7 -5 7 -5 7 -5 6 -5 6 -5 6 -5 6 -5 5 -4 6 -4 5 -3 5 -4 5 -3 5 -3 4 -2 4 -2 4 -2 3 -2 3 -2 2 -1 2 -1 2 -1 2 0 1 0 0 1 0 1 0 0 0 0 0 0 0 0 0 0 0 ]
CSI_DATA,AP,08:3A:F2:46:92:18,-68,11,1,6,1,1,1,0,0,0,0,-96,0,8,1,36875100,0,84,0,0,37.636233,384,[84 -64 4 0 0 0 0 0 0 0 0 0 6 -6 7 -6 7 -6 7 -7 8 -6 8 -7 8 -6 8 -6 8 -6 8 -6 8 -7 8 -7 9 -6 8 -7 8 -6 9 -6 8 -6 8 -6 8 -6 8 -6 8 -5 8 -5 8 -5 8 -5 8 -6 8 -6 0 0 7 -5 7 -5 6 -5 6 -5 6 -5 6 -5 5 -5 6 -5 5 -5 4 -4 4 -4 4 -4 4 -4 3 -3 3 -3 2 -4 2 -3 1 -3 0 -3 1 -2 0 -3 -1 -2 -1 -2 -1 -2 -2 -2 -2 -1 0 0 0 0 0 0 0 0 0 0 ]
CSI_DATA,AP,08:3A:F2:46:92:18,-57,11,0,0,0,0,0,0,0,0,0,-96,0,8,1,36981956,0,84,0,0,37.671484,128,[84 -64 4 0 0 0 0 0 0 0 0 0 23 -8 24 -8 24 -8 25 -9 25 -8 27 -7 27 -7 27 -6 27 -6 28 -6 29 -7 28 -7 29 -6 28 -6 28 -4 29 -4 28 -3 26 -3 27 -2 26 -1 25 -1 24 -1 23 -2 23 -3 23 -4 22 -3 0 0 20 -3 20 -4 19 -5 17 -5 17 -5 17 -6 16 -5 15 -5 14 -6 14 -5 14 -7 13 -6 12 -7 11 -6 11 -6 10 -7 9 -7 8 -6 8 -5 6 -5 5 -5 4 -5 3 -5 2 -5 1 -4 0 -4 0 0 0 0 0 0 0 0 0 0 ]
CSI_DATA,AP,08:3A:F2:46:92:18,-66,11,1,7,1,1,1,0,0,0,1,-96,0,8,1,37013037,0,84,0,0,37.716512,384,[84 -64 4 0 0 0 0 0 0 0 0 0 -11 4 -11 3 -12 3 -12 3 -12 3 -13 2 -12 2 -12 2 -12 1 -12 1 -13 2 -13 1 -13 1 -12 0 -12 0 -12 0 -12 0 -11 0 -11 -1 -11 0 -10 0 -11 0 -10 0 -10 0 -10 0 -9 0 0 0 -9 0 -9 1 -9 1 -8 1 -8 1 -8 1 -8 1 -7 2 -7 2 -7 1 -7 2 -6 2 -6 2 -6 2 -6 2 -5 2 -5 2 -5 2 -5 2 -4 3 -4 2 -3 2 -2 2 -2 3 -2 3 -1 3 0 0 0 0 0 0 0 0 0 0 ]
CSI_DATA,AP,08:3A:F2:46:92:18,-64,11,1,7,1,1,1,0,0,0,1,-96,0,8,1,37048763,0,84,0,0,37.752327,384,[84 -64 4 0 0 0 0 0 0 0 0 0 16 8 15 8 16 8 15 9 16 8 15 9 15 10 15 10 15 10 15 10 15 11 15 10 15 11 14 10 13 11 14 11 13 10 13 10 12 10 13 10 12 10 13 9 12 10 12 9 12 9 12 9 0 0 12 8 12 7 12 7 12 7 12 7 12 6 12 6 13 6 12 6 12 5 12 5 12 5 11 5 12 5 12 5 11 4 11 4 10 4 10 3 9 3 10 2 9 2 9 2 8 3 8 2 8 1 0 0 0 0 0 0 0 0 0 0 ]
CSI_DATA,AP,08:3A:F2:46:92:18,-74,11,0,0,0,0,0,0,0,0,0,-96,0,8,1,37163914,0,84,0,0,37.788824,128,[84 -64 4 0 0 0 0 0 0 0 0 0 -8 44 3 34 -14 57 -21 50 -17 55 -22 48 -22 63 -17 29 -22 50 -39 60 -31 78 -36 79 -40 88 -38 62 -38 63 -38 83 -47 89 -18 51 -40 61 -38 68 -31 72 -47 69 -27 45 -47 79 -57 98 -51 81 0 0 -62 82 -60 93 -56 94 -59 83 -45 73 -56 78 -56 64 -56 76 -49 72 -54 49 -68 76 -54 61 -44 63 -65 52 -60 55 -77 85 -66 77 -57 72 -64 75 -48 44 -58 66 -56 64 -42 44 -46 47 -28 35 -21 38 0 0 0 0 0 0 0 0 0 0 ]
CSI_DATA,AP,08:3A:F2:46:92:18,-69,11,1,6,1,1,1,0,0,0,0,-96,0,8,1,37201997,0,84,0,0,37.833459,384,[84 -64 4 0 0 0 0 0 0 0 0 0 5 -8 5 -7 4 -7 4 -8 4 -7 4 -8 4 -8 4 -8 4 -8 4 -8 5 -8 4 -8 4 -8 4 -8 4 -8 4 -8 4 -8 4 -7 4 -7 4 -7 4 -7 4 -7 3 -7 3 -7 3 -7 3 -7 0 0 2 -7 2 -6 2 -7 2 -6 2 -6 2 -6 2 -6 1 -7 2 -6 1 -6 2 -6 1 -6 1 -5 1 -5 2 -5 1 -5 2 -4 2 -4 1 -4 2 -3 2 -3 2 -2 2 -2 2 -1 2 -1 2 0 0 0 0 0 0 0 0 0 0 0 ]
CSI_DATA,AP,08:3A:F2:46:92:18,-68,11,1,5,1,1,1,0,0,0,0,-96,0,8,1,37203193,0,84,0,0,37.869045,384,[84 -64 4 0 0 0 0 0 0 0 0 0 0 -9 1 -9 0 -10 0 -10 -1 -10 0 -10 0 -10 0 -9 0 -9 -1 -10 0 -10 -1 -10 -1 -10 -1 -11 -1 -10 0 -10 -1 -10 0 -9 0 -10 -1 -9 -1 -9 -1 -9 0 -9 -1 -9 -1 -8 -1 -8 0 0 -2 -8 -1 -8 -1 -8 -2 -7 -2 -7 -2 -7 -2 -7 -2 -7 -2 -7 -2 -7 -2 -7 -2 -6 -2 -6 -1 -6 -1 -6 -1 -5 -1 -5 -1 -5 -1 -5 0 -4 1 -4 1 -3 1 -3 2 -2 2 -2 2 -1 0 0 0 0 0 0 0 0 0 0 ]
CSI_DATA,AP,08:3A:F2:46:92:18,-65,11,1,7,1,1,1,0,0,0,0,-96,0,8,1,37320927,0,84,0,0,37.908851,384,[84 -64 4 0 0 0 0 0 0 0 0 0 8 -1 9 0 9 0 9 0 9 0 9 1 10 1 10 1 10 1 10 2 10 3 10 3 10 3 10 3 10 4 10 4 10 4 10 4 10 4 10 4 9 4 9 4 9 5 9 4 9 4 9 4 0 0 9 4 9 3 9 4 9 4 9 3 9 3 9 3 8 3 9 3 8 3 9 3 8 3 8 2 8 2 8 2 8 1 8 1 8 1 8 1 7 0 8 0 7 -1 7 -1 7 -1 7 -2 7 -2 0 0 0 0 0 0 0 0 0 0 ]
CSI_DATA,AP,08:3A:F2:46:92:18,-65,11,1,7,1,1,1,0,0,0,0,-96,0,8,1,37321211,0,84,0,0,37.943234,384,[84 -64 4 0 0 0 0 0 0 0 0 0 -8 5 -8 4 -8 5 -9 5 -9 5 -9 4 -10 5 -10 4 -10 4 -10 4 -11 3 -11 3 -12 3 -11 3 -12 3 -12 3 -11 2 -11 2 -12 2 -11 2 -12 2 -11 2 -11 1 -11 2 -11 2 -11 2 0 0 -11 2 -11 2 -11 2 -11 2 -11 2 -10 2 -11 3 -10 2 -10 2 -10 2 -10 2 -9 2 -9 3 -9 3 -9 3 -8 3 -8 3 -7 4 -8 4 -7 4 -7 4 -7 4 -7 5 -6 5 -6 5 -6 6 0 0 0 0 0 0 0 0 0 0 ]
CSI_DATA,AP,08:3A:F2:46:92:18,-64,11,1,7,1,1,1,0,0,0,0,-96,0,8,1,37361651,0,84,0,0,37.981612,384,[84 -64 4 0 0 0 0 0 0 0 0 0 -13 5 -13 5 -15 4 -15 4 -15 4 -15 5 -15 3 -15 4 -15 4 -16 2 -16 3 -16 2 -16 2 -16 1 -15 2 -16 2 -15 1 -15 1 -14 1 -15 2 -14 1 -14 1 -14 1 -14 2 -13 2 -14 2 0 0 -13 2 -12 3 -13 3 -12 3 -12 3 -12 4 -12 4 -12 4 -12 3 -11 4 -11 3 -11 3 -11 4 -10 4 -10 4 -10 4 -9 4 -8 4 -9 4 -8 4 -8 4 -7 4 -6 4 -6 4 -6 4 -5 4 0 0 0 0 0 0 0 0 0 0 ]
CSI_DATA,AP,08:3A:F2:46:92:18,-65,11,1,7,1,1,1,0,0,0,0,-96,0,8,1,37438955,0,84,0,0,38.19763,384,[84 -64 4 0 0 0 0 0 0 0 0 0 -14 5 -15 5 -16 4 -16 5 -17 4 -16 4 -16 4 -16 4 -16 4 -16 3 -17 4 -17 3 -17 2 -17 2 -17 2 -17 2 -17 1 -16 1 -16 2 -16 2 -16 1 -15 2 -15 2 -15 2 -15 2 -15 2 0 0 -14 2 -14 3 -14 3 -13 3 -13 3 -13 3 -14 3 -13 3 -13 3 -12 4 -13 3 -12 4 -12 3 -11 3 -11 3 -10 3 -9 3 -9 3 -9 3 -8 3 -8 3 -7 3 -7 3 -6 3 -6 3 -5 3 0 0 0 0 0 0 0 0 0 0 ]
CSI_DATA,AP,08:3A:F2:46:92:18,-66,11,1,7,1,1,1,0,0,0,0,-96,0,8,1,37444351,0,84,0,0,38.58877,384,[84 -64 4 0 0 0 0 0 0 0 0 0 13 -4 13 -3 14 -4 14 -3 14 -4 15 -3 14 -2 15 -2 15 -2 15 -2 15 -3 16 -3 16 -2 15 -2 16 -1 16 -1 16 -1 15 -1 15 -1 14 0 14 0 14 -1 14 -1 14 -1 14 -2 14 -2 0 0 13 -2 13 -2 13 -3 12 -2 13 -2 12 -2 12 -2 12 -3 12 -2 11 -3 11 -3 11 -2 11 -3 11 -3 10 -3 9 -2 9 -3 8 -3 8 -3 7 -3 7 -3 6 -3 5 -3 5 -3 4 -3 3 -3 0 0 0 0 0 0 0 0 0 0 ]
CSI_DATA,AP,08:3A:F2:46:92:18,-66,11,1,7,1,1,1,0,0,0,0,-96,0,8,1,37449787,0,84,0,0,38.98064,384,[84 -64 4 0 0 0 0 0 0 0 0 0 0 -15 0 -15 0 -14 0 -16 1 -15 2 -16 2 -16 2 -16 2 -16 2 -15 3 -16 3 -17 3 -17 3 -16 3 -16 3 -15 4 -15 4 -15 4 -15 4 -15 4 -14 3 -15 3 -14 3 -15 3 -14 2 -14 0 0 2 -14 1 -13 1 -13 1 -13 1 -14 0 -13 1 -13 0 -13 1 -13 0 -12 0 -13 0 -11 0 -11 0 -11 0 -10 0 -11 0 -10 0 -10 0 -9 -1 -8 -1 -8 -1 -7 -1 -6 -1 -6 -1 -6 -2 -5 0 0 0 0 0 0 0 0 0 0 ]
CSI_DATA,AP,08:3A:F2:46:92:18,-66,11,1,5,1,1,1,0,0,0,0,-96,0,8,1,37510472,0,84,0,0,38.138218,384,[84 -64 4 0 0 0 0 0 0 0 0 0 8 3 8 3 8 3 8 3 8 4 9 5 9 5 8 5 8 5 8 5 9 6 8 6 8 6 8 6 8 6 7 6 7 6 7 6 7 6 7 5 6 5 6 5 6 5 6 5 6 5 6 5 0 0 6 4 6 4 6 4 6 4 6 4 6 4 7 4 6 3 6 4 5 3 6 3 6 3 5 2 6 2 5 2 5 2 5 1 5 1 4 1 4 0 4 0 4 0 3 -1 4 -1 4 -1 3 -2 0 0 0 0 0 0 0 0 0 0 ]
CSI_DATA,AP,08:3A:F2:46:92:18,-68,11,1,7,1,1,1,0,0,0,0,-96,0,8,1,37510748,0,84,0,0,38.168096,384,[84 -64 4 0 0 0 0 0 0 0 0 0 -9 3 -9 3 -10 3 -10 3 -11 2 -10 2 -10 2 -10 2 -10 1 -11 1 -11 1 -11 0 -11 0 -11 0 -11 0 -11 0 -10 0 -10 0 -10 0 -10 -1 -9 -1 -10 0 -9 -1 -9 0 -9 0 -9 0 0 0 -9 0 -8 0 -8 1 -8 1 -8 1 -8 1 -8 1 -7 1 -7 1 -7 1 -7 1 -7 1 -7 1 -7 1 -6 1 -6 1 -5 2 -5 1 -6 2 -5 2 -4 2 -4 2 -3 2 -3 2 -3 3 -3 3 0 0 0 0 0 0 0 0 0 0 ]
CSI_DATA,AP,08:3A:F2:46:92:18,-56,11,0,0,0,0,0,0,0,0,0,-96,0,8,1,37739318,0,84,0,0,38.212351,128,[84 -64 4 0 0 0 0 0 0 0 0 0 24 -18 25 -19 25 -17 25 -19 27 -19 29 -16 27 -15 27 -14 26 -13 26 -11 28 -13 26 -11 27 -11 25 -10 26 -10 25 -11 24 -9 22 -9 24 -9 23 -9 21 -8 20 -9 19 -8 20 -9 19 -10 19 -10 0 0 18 -10 16 -10 17 -11 15 -11 16 -11 15 -11 14 -11 14 -11 13 -11 13 -10 13 -11 12 -9 11 -10 10 -10 9 -10 9 -10 8 -9 7 -9 6 -8 5 -8 3 -8 1 -8 1 -8 0 -8 -1 -7 -3 -8 0 0 0 0 0 0 0 0 0 0 ]
CSI_DATA,AP,08:3A:F2:46:92:18,-65,11,1,5,1,1,1,0,0,0,0,-96,0,8,1,37741894,0,84,0,0,38.255771,384,[84 -64 4 0 0 0 0 0 0 0 0 0 -12 -6 -12 -6 -13 -6 -12 -6 -12 -7 -11 -8 -11 -8 -11 -8 -11 -9 -11 -8 -11 -9 -10 -9 -10 -8 -10 -8 -10 -9 -9 -8 -9 -8 -8 -8 -9 -8 -8 -7 -8 -7 -8 -7 -8 -7 -8 -6 -8 -7 -8 -6 0 0 -8 -5 -8 -5 -8 -5 -8 -5 -8 -5 -8 -5 -8 -4 -8 -4 -7 -4 -7 -4 -7 -3 -7 -4 -7 -3 -6 -3 -6 -3 -6 -3 -5 -2 -5 -1 -6 -2 -5 -1 -4 0 -4 0 -4 0 -3 1 -3 1 -3 2 0 0 0 0 0 0 0 0 0 0 ]
CSI_DATA,AP,08:3A:F2:46:92:18,-64,11,1,5,1,1,1,0,0,0,0,-96,0,8,1,37747717,0,84,0,0,38.296928,384,[84 -64 4 0 0 0 0 0 0 0 0 0 -10 9 -10 8 -11 8 -11 8 -11 8 -11 7 -11 7 -11 6 -11 7 -11 6 -11 6 -11 6 -11 6 -11 6 -11 5 -11 5 -11 5 -10 5 -10 5 -10 4 -10 4 -9 4 -9 4 -9 5 -9 4 -8 5 0 0 -8 5 -7 5 -7 5 -7 5 -7 5 -6 5 -6 5 -6 5 -6 5 -6 5 -5 5 -5 5 -5 5 -4 4 -4 4 -4 4 -3 4 -3 4 -3 3 -2 3 -2 3 -1 3 -1 3 0 3 0 2 1 3 0 0 0 0 0 0 0 0 0 0 ]
CSI_DATA,AP,08:3A:F2:46:92:18,-65,11,1,6,1,1,1,0,0,0,0,-96,0,8,1,37747986,0,84,0,0,38.332539,384,[84 -64 4 0 0 0 0 0 0 0 0 0 -5 -13 -5 -13 -5 -12 -4 -13 -4 -13 -3 -14 -3 -13 -3 -13 -3 -13 -2 -12 -2 -13 -2 -13 -2 -13 -2 -12 -2 -12 -1 -12 -1 -12 -1 -12 -1 -11 -1 -11 -1 -11 -1 -11 -2 -10 -2 -10 -2 -10 -2 -10 0 0 -2 -9 -2 -8 -3 -9 -3 -9 -3 -8 -3 -8 -3 -8 -3 -7 -3 -8 -3 -7 -4 -7 -3 -7 -3 -6 -3 -6 -3 -6 -3 -5 -3 -5 -3 -4 -4 -4 -3 -3 -3 -3 -4 -3 -4 -2 -4 -1 -4 -1 -4 -1 0 0 0 0 0 0 0 0 0 0 ]
CSI_DATA,AP,08:3A:F2:46:92:18,-65,11,1,6,1,1,1,0,0,0,0,-96,0,8,1,37748255,0,84,0,0,38.374928,384,[84 -64 4 0 0 0 0 0 0 0 0 0 11 3 11 4 11 3 11 4 11 5 10 5 10 5 9 5 9 5 9 5 9 6 9 6 9 6 9 6 8 6 8 6 8 6 8 5 8 5 8 5 8 5 7 5 7 5 7 4 7 5 6 4 0 0 6 4 6 3 6 3 6 3 6 2 7 3 6 3 6 2 6 2 5 2 6 1 5 2 5 1 5 1 5 1 4 0 5 0 4 0 3 -1 4 -1 3 -1 3 -2 3 -1 2 -2 2 -2 2 -3 0 0 0 0 0 0 0 0 0 0 ]
CSI_DATA,AP,08:3A:F2:46:92:18,-66,11,1,6,1,1,1,0,0,0,0,-96,0,8,1,37748432,0,84,0,0,38.407502,384,[84 -64 4 0 0 0 0 0 0 0 0 0 9 -9 9 -9 10 -8 10 -8 10 -8 10 -9 10 -7 10 -7 10 -7 10 -7 10 -7 10 -7 11 -6 11 -6 10 -6 10 -6 10 -6 9 -5 9 -6 9 -5 9 -5 9 -5 8 -5 8 -5 8 -5 7 -6 0 0 7 -6 6 -6 7 -6 6 -5 7 -6 6 -6 5 -6 6 -6 5 -6 5 -5 4 -6 5 -5 4 -5 3 -5 3 -5 3 -5 3 -5 2 -5 1 -5 1 -4 1 -4 -1 -4 -1 -4 -1 -4 -2 -4 -2 -4 0 0 0 0 0 0 0 0 0 0 ]
CSI_DATA,AP,08:3A:F2:46:92:18,-65,11,1,6,1,1,1,0,0,0,0,-96,0,8,1,37748699,0,84,0,0,38.445119,384,[84 -64 4 0 0 0 0 0 0 0 0 0 2 13 2 13 1 12 1 13 0 12 0 13 0 12 -1 13 -1 13 -1 12 -1 13 -1 13 -1 12 -2 12 -2 11 -2 11 -3 11 -2 11 -2 11 -2 10 -2 10 -2 9 -2 9 -1 9 -1 9 -1 9 0 0 -1 8 -1 8 0 8 0 8 0 8 0 8 0 7 0 7 0 7 0 7 1 7 0 6 1 6 1 6 1 5 1 5 1 5 1 4 1 4 2 3 1 3 2 2 2 2 2 2 3 1 2 0 0 0 0 0 0 0 0 0 0 0 ]
CSI_DATA,AP,08:3A:F2:46:92:18,-65,11,1,6,1,1,1,0,0,0,0,-96,0,8,1,37749012,0,84,0,0,38.480419,384,[84 -64 4 0 0 0 0 0 0 0 0 0 7 -12 7 -11 7 -11 7 -11 7 -10 8 -10 8 -11 8 -10 9 -10 8 -9 9 -9 9 -10 8 -9 8 -9 8 -8 8 -9 8 -8 8 -8 8 -8 7 -8 7 -8 7 -8 7 -7 6 -8 6 -7 6 -8 0 0 5 -7 5 -7 5 -8 5 -7 4 -7 4 -7 4 -7 4 -7 3 -7 3 -7 3 -7 3 -7 2 -7 2 -6 2 -6 1 -6 1 -5 1 -6 0 -5 0 -5 0 -4 -1 -4 -1 -4 -2 -4 -2 -3 -3 -3 0 0 0 0 0 0 0 0 0 0 ]
CSI_DATA,AP,08:3A:F2:46:92:18,-65,11,1,6,1,1,1,0,0,0,0,-96,0,8,1,37749626,0,84,0,0,38.517179,384,[84 -64 4 0 0 0 0 0 0 0 0 0 6 -12 7 -12 7 -11 8 -11 8 -10 8 -11 8 -10 8 -10 9 -10 8 -9 8 -10 9 -10 9 -9 8 -9 8 -9 8 -9 8 -8 8 -8 7 -8 7 -8 7 -8 7 -7 6 -7 6 -8 6 -8 6 -8 0 0 5 -7 5 -7 4 -7 4 -8 4 -7 4 -7 4 -7 3 -7 3 -7 3 -7 3 -7 3 -7 2 -7 2 -6 2 -6 1 -6 1 -6 1 -5 0 -5 0 -5 0 -4 -1 -4 -2 -4 -2 -4 -3 -4 -3 -3 0 0 0 0 0 0 0 0 0 0 ]
CSI_DATA,AP,08:3A:F2:46:92:18,-63,11,1,4,1,1,1,0,0,0,0,-96,0,8,1,37831401,0,84,0,0,38.554198,384,[84 -64 4 0 0 0 0 0 0 0 0 0 9 -7 9 -6 10 -6 10 -6 11 -6 10 -6 10 -6 10 -5 10 -5 11 -4 11 -4 10 -4 10 -4 11 -3 10 -3 10 -3 9 -3 9 -3 9 -3 9 -3 9 -3 9 -3 8 -3 8 -3 8 -3 8 -3 0 0 7 -3 7 -3 7 -4 6 -4 7 -4 7 -4 7 -4 6 -4 5 -4 5 -4 5 -4 5 -4 4 -4 4 -4 4 -4 3 -4 3 -4 2 -4 2 -4 1 -4 1 -4 1 -4 0 -4 0 -4 -1 -4 -1 -4 0 0 0 0 0 0 0 0 0 0 ]
CSI_DATA,AP,08:3A:F2:46:92:18,-57,11,0,0,0,0,0,0,0,0,0,-96,0,8,1,37863071,0,37,0,0,38.592096,128,[37 80 2 0 0 0 0 0 0 0 0 0 28 12 28 14 28 14 28 16 27 16 27 18 25 18 24 19 24 18 23 19 24 20 23 19 23 19 21 18 20 19 21 18 19 18 18 18 19 18 18 17 17 16 17 15 16 15 17 15 18 14 17 14 0 0 17 13 17 12 18 12 16 10 16 10 17 10 16 9 15 9 15 8 15 8 16 8 14 7 14 6 13 6 13 5 13 4 12 3 12 2 12 2 10 1 10 0 9 -2 9 -3 9 -4 8 -5 8 -6 0 0 0 0 0 0 0 0 0 0 ]
CSI_DATA,AP,08:3A:F2:46:92:18,-57,11,0,0,0,0,0,0,0,0,0,-96,0,8,1,37974404,0,84,0,0,38.629879,128,[84 -64 4 0 0 0 0 0 0 0 0 0 -6 28 -7 29 -7 29 -8 30 -9 29 -11 29 -11 29 -12 27 -12 27 -13 26 -13 28 -12 26 -13 26 -13 24 -13 24 -13 24 -12 23 -12 22 -12 22 -11 22 -11 20 -10 20 -10 19 -9 20 -7 19 -8 20 0 0 -6 18 -5 19 -4 19 -3 18 -4 18 -3 18 -2 18 -2 17 -1 16 -2 16 -1 17 -2 15 0 15 0 14 0 14 1 13 2 13 2 12 3 12 3 9 4 9 4 8 4 7 5 6 6 5 7 5 0 0 0 0 0 0 0 0 0 0 ]
CSI_DATA,AP,08:3A:F2:46:92:18,-58,11,0,0,0,0,0,0,0,0,0,-96,0,8,1,38010708,0,84,0,0,38.669871,128,[84 -64 4 0 0 0 0 0 0 0 0 0 -4 -29 -4 -31 -2 -30 -3 -32 0 -30 1 -32 2 -30 3 -30 3 -29 4 -28 4 -30 4 -29 5 -28 5 -27 6 -26 4 -26 5 -25 5 -23 4 -24 5 -22 4 -21 3 -22 3 -20 2 -21 1 -21 2 -21 0 0 0 -19 -1 -19 -1 -20 -2 -18 -2 -19 -2 -19 -3 -18 -2 -17 -4 -16 -3 -17 -4 -17 -3 -15 -4 -15 -4 -15 -4 -14 -5 -14 -5 -12 -6 -12 -5 -11 -6 -10 -6 -9 -7 -9 -7 -8 -8 -7 -8 -6 -9 -5 0 0 0 0 0 0 0 0 0 0 ]
CSI_DATA,AP,08:3A:F2:46:92:18,-68,11,1,6,1,1,1,0,0,0,0,-96,0,8,1,38082977,0,84,0,0,38.710407,384,[84 -64 4 0 0 0 0 0 0 0 0 0 -11 6 -11 6 -11 7 -12 7 -12 6 -13 6 -13 6 -13 6 -14 6 -13 6 -13 6 -14 6 -14 6 -13 6 -13 6 -13 6 -13 5 -12 5 -12 5 -12 5 -12 5 -11 5 -11 5 -10 5 -10 5 -10 5 0 0 -9 5 -9 6 -8 5 -7 5 -7 5 -6 5 -7 6 -6 5 -6 6 -5 5 -5 6 -5 5 -5 5 -4 6 -4 5 -5 5 -4 4 -4 4 -4 4 -4 3 -4 3 -4 3 -3 2 -3 2 -4 1 -3 1 0 0 0 0 0 0 0 0 0 0 ]
CSI_DATA,AP,08:3A:F2:46:92:18,-67,11,1,4,1,1,1,0,0,0,0,-96,0,8,1,38123182,0,84,0,0,38.748295,384,[84 -64 4 0 0 0 0 0 0 0 0 0 -5 -11 -6 -12 -5 -12 -6 -13 -6 -13 -6 -14 -6 -14 -7 -14 -6 -14 -5 -14 -6 -14 -6 -14 -6 -15 -5 -14 -5 -14 -6 -14 -5 -14 -4 -13 -4 -13 -4 -13 -4 -12 -4 -12 -4 -12 -5 -12 -5 -11 -5 -11 0 0 -5 -10 -5 -10 -5 -9 -5 -9 -6 -9 -5 -9 -5 -8 -6 -8 -6 -8 -6 -7 -6 -7 -6 -7 -5 -7 -6 -7 -5 -7 -5 -7 -5 -7 -5 -7 -5 -8 -5 -6 -4 -7 -4 -7 -4 -7 -4 -7 -3 -7 -3 -7 0 0 0 0 0 0 0 0 0 0 ]
CSI_DATA,AP,08:3A:F2:46:92:18,-69,11,1,6,1,1,1,0,0,0,0,-96,0,8,1,38124178,0,84,0,0,38.794058,384,[84 -64 4 0 0 0 0 0 0 0 0 0 -11 -6 -11 -5 -12 -5 -12 -5 -12 -6 -13 -6 -13 -6 -13 -7 -13 -7 -13 -6 -13 -7 -13 -7 -13 -7 -13 -7 -12 -7 -13 -7 -12 -8 -12 -7 -12 -7 -11 -6 -11 -6 -11 -6 -11 -6 -11 -5 -10 -5 -10 -6 0 0 -10 -4 -10 -3 -9 -4 -9 -4 -9 -3 -9 -3 -9 -2 -9 -3 -9 -2 -9 -2 -9 -2 -9 -2 -9 -2 -7 -2 -8 -2 -8 -2 -8 -2 -8 -2 -8 -2 -7 -2 -8 -2 -7 -2 -7 -3 -7 -3 -7 -4 -6 -4 0 0 0 0 0 0 0 0 0 0 ]
CSI_DATA,AP,08:3A:F2:46:92:18,-69,11,1,6,1,1,1,0,0,0,0,-96,0,8,1,38158931,0,84,0,0,38.837082,384,[84 -64 4 0 0 0 0 0 0 0 0 0 -1 -9 -2 -9 -1 -9 -2 -10 -2 -10 -1 -11 -1 -11 -1 -11 -1 -12 -1 -12 -1 -12 -1 -12 -1 -12 -1 -13 -1 -12 -1 -12 0 -12 0 -12 0 -12 1 -11 0 -11 0 -11 0 -11 0 -11 -1 -11 0 -11 0 0 -1 -10 -1 -10 -1 -10 -2 -9 -1 -9 -2 -9 -2 -9 -2 -9 -2 -9 -2 -8 -3 -9 -2 -9 -2 -9 -3 -9 -3 -9 -3 -9 -3 -9 -3 -9 -3 -10 -3 -9 -3 -9 -3 -9 -2 -9 -2 -10 -3 -9 -2 -10 0 0 0 0 0 0 0 0 0 0 ]
CSI_DATA,AP,08:3A:F2:46:92:18,-63,11,0,0,0,0,0,0,0,0,0,-96,0,8,1,38238368,0,84,0,0,38.878891,128,[84 -64 4 0 0 0 0 0 0 0 0 0 3 2 3 -11 0 -7 17 -11 6 -5 10 -5 0 -12 8 -7 8 -6 10 -8 12 -3 14 -6 13 -4 13 -4 15 -2 13 -2 14 0 13 -1 14 0 14 1 14 2 14 3 14 2 15 2 16 1 16 2 0 0 15 3 16 4 17 2 16 2 18 2 17 2 18 2 17 3 19 2 20 3 22 2 21 1 21 1 23 1 24 0 26 1 27 0 28 0 29 1 29 0 30 1 31 0 32 -1 35 -3 34 -3 35 -3 0 0 0 0 0 0 0 0 0 0 ]
CSI_DATA,AP,08:3A:F2:46:92:18,-69,11,1,4,1,1,1,0,0,0,0,-96,0,8,1,38244871,0,84,0,0,38.914710,384,[84 -64 4 0 0 0 0 0 0 0 0 0 -1 0 -1 1 -1 1 -1 1 -1 1 -1 1 -1 2 -1 2 -1 2 -2 2 -2 2 -2 2 -3 2 -3 2 -3 2 -3 2 -3 2 -4 2 -4 2 -4 2 -4 2 -4 1 -4 1 -5 1 -5 2 -5 1 0 0 -5 1 -5 2 -6 2 -5 2 -6 2 -6 2 -6 2 -6 2 -7 2 -7 2 -7 3 -7 3 -8 3 -7 3 -8 3 -8 3 -8 4 -9 4 -10 3 -9 4 -10 4 -10 5 -10 5 -11 6 -11 5 -11 6 0 0 0 0 0 0 0 0 0 0 ]
CSI_DATA,AP,08:3A:F2:46:92:18,-63,11,0,0,0,0,0,0,0,0,0,-96,0,8,1,38245744,0,84,0,0,38.950911,128,[84 -64 4 0 0 0 0 0 0 0 0 0 -2 -2 -2 -3 -3 -3 -3 -3 -4 -4 -4 -5 -4 -6 -4 -7 -4 -7 -4 -8 -4 -9 -4 -10 -4 -11 -4 -12 -2 -12 -2 -13 -1 -13 0 -13 1 -14 2 -14 3 -14 3 -14 4 -14 4 -15 3 -16 4 -16 0 0 6 -16 5 -17 6 -18 5 -18 6 -18 7 -19 6 -19 7 -20 6 -20 7 -21 7 -24 7 -23 7 -25 8 -26 9 -27 9 -29 8 -31 9 -30 11 -32 10 -32 10 -33 10 -34 10 -36 9 -39 9 -39 10 -40 0 0 0 0 0 0 0 0 0 0 ]
CSI_DATA,AP,08:3A:F2:46:92:18,-65,11,1,4,1,1,1,0,0,0,0,-96,0,8,1,38332604,0,84,0,0,38.992313,384,[84 -64 4 0 0 0 0 0 0 0 0 0 -3 -8 -3 -7 -2 -8 -2 -7 -1 -7 -2 -7 -1 -7 0 -7 -1 -6 0 -6 0 -6 0 -5 0 -6 0 -5 0 -5 -1 -4 -1 -5 -1 -4 -1 -4 -1 -4 -2 -4 -2 -4 -2 -4 -2 -4 -3 -5 -3 -5 0 0 -3 -4 -3 -4 -4 -4 -4 -4 -4 -5 -4 -4 -4 -4 -5 -4 -5 -5 -5 -4 -6 -4 -6 -4 -6 -4 -7 -5 -7 -4 -8 -5 -7 -5 -8 -5 -9 -6 -9 -5 -9 -6 -9 -6 -10 -6 -10 -7 -10 -7 -10 -7 0 0 0 0 0 0 0 0 0 0 ]
CSI_DATA,AP,08:3A:F2:46:92:18,-66,11,1,6,1,1,1,0,0,0,0,-96,0,8,1,38365739,0,84,0,0,39.32331,384,[84 -64 4 0 0 0 0 0 0 0 0 0 -7 6 -7 5 -8 5 -8 5 -8 4 -8 3 -8 3 -8 3 -8 2 -7 2 -7 1 -7 1 -7 2 -7 1 -6 1 -6 1 -6 1 -5 1 -5 2 -5 2 -5 2 -5 2 -5 2 -5 3 -5 3 -4 3 0 0 -4 3 -4 3 -4 3 -4 3 -4 4 -4 4 -4 4 -4 4 -3 5 -3 5 -3 5 -3 5 -3 6 -3 7 -3 7 -3 7 -2 8 -3 8 -3 8 -2 8 -3 9 -3 9 -3 10 -3 10 -3 11 -4 11 0 0 0 0 0 0 0 0 0 0 ]
CSI_DATA,AP,08:3A:F2:46:92:18,-64,11,1,4,1,1,1,0,0,0,0,-96,0,8,1,38408067,0,84,0,0,39.68374,384,[84 -64 4 0 0 0 0 0 0 0 0 0 6 8 5 9 4 9 3 9 3 9 3 9 2 9 2 9 1 9 1 8 1 8 1 8 1 7 0 7 0 6 1 6 0 6 0 6 1 5 1 5 1 5 1 4 1 5 2 4 2 4 2 4 0 0 3 4 2 4 3 4 3 3 3 3 4 3 4 3 4 3 4 3 4 2 5 2 5 2 5 2 6 2 6 2 6 1 7 1 7 1 7 1 7 1 8 1 7 1 8 0 9 0 9 0 9 0 0 0 0 0 0 0 0 0 0 0 ]
CSI_DATA,AP,08:3A:F2:46:92:18,-66,11,1,6,1,1,1,0,0,0,0,-96,0,8,1,38631473,0,84,0,0,39.105632,384,[84 -64 4 0 0 0 0 0 0 0 0 0 -11 -1 -11 -2 -11 -1 -10 -2 -10 -2 -10 -4 -11 -4 -10 -4 -10 -5 -10 -5 -10 -5 -9 -5 -9 -5 -9 -5 -9 -5 -8 -6 -8 -5 -7 -5 -8 -5 -8 -4 -8 -5 -8 -5 -7 -5 -7 -4 -7 -4 -7 -4 0 0 -7 -3 -7 -3 -7 -3 -7 -3 -7 -3 -7 -2 -7 -2 -7 -2 -7 -2 -7 -2 -7 -1 -7 -1 -7 -1 -7 0 -7 0 -7 0 -7 1 -7 1 -7 0 -7 1 -7 1 -7 2 -7 2 -7 2 -7 3 -7 3 0 0 0 0 0 0 0 0 0 0 ]
CSI_DATA,AP,08:3A:F2:46:92:18,-67,11,1,6,1,1,1,0,0,0,0,-96,0,8,1,38677713,0,84,0,0,39.150282,384,[84 -64 4 0 0 0 0 0 0 0 0 0 10 -1 9 0 10 1 10 1 10 1 10 2 9 2 9 2 9 3 9 3 9 4 9 4 8 3 8 3 8 4 8 4 7 4 7 4 7 3 7 3 7 3 6 3 6 3 6 3 6 2 6 2 0 0 5 2 6 2 6 1 5 1 5 1 5 1 5 1 5 0 5 -1 4 0 5 -1 5 -1 5 -2 4 -2 4 -2 4 -2 4 -3 4 -3 4 -4 4 -4 4 -4 4 -5 4 -5 4 -6 3 -6 3 -6 0 0 0 0 0 0 0 0 0 0 ]
CSI_DATA,AP,08:3A:F2:46:92:18,-64,11,1,4,1,1,1,0,0,0,0,-96,0,8,1,38679851,0,84,0,0,39.183257,384,[84 -64 4 0 0 0 0 0 0 0 0 0 0 -11 1 -11 2 -11 2 -11 3 -11 3 -11 3 -11 4 -11 4 -10 4 -10 4 -10 4 -10 5 -10 5 -9 5 -9 5 -9 5 -8 5 -8 5 -8 4 -8 4 -8 4 -7 3 -7 3 -7 4 -7 3 -7 0 0 3 -7 2 -7 2 -7 2 -6 2 -7 1 -7 1 -7 1 -6 0 -6 0 -5 0 -6 -1 -5 -1 -6 -2 -6 -2 -6 -2 -6 -2 -5 -3 -6 -4 -6 -4 -5 -4 -5 -5 -5 -5 -5 -6 -5 -6 -5 -6 -5 0 0 0 0 0 0 0 0 0 0 ]
CSI_DATA,AP,08:3A:F2:46:92:18,-59,11,0,0,0,0,0,0,0,0,0,-96,0,8,1,39726391,0,37,0,0,40.199207,128,[37 80 2 0 0 0 0 0 0 0 0 0 19 27 17 28 15 28 15 30 13 29 11 30 10 29 8 28 7 28 6 27 6 28 5 26 4 25 4 23 3 22 3 21 3 19 3 17 3 17 3 15 4 13 5 12 5 11 6 11 7 9 8 8 0 0 9 6 10 5 11 5 11 3 12 3 13 2 14 2 14 1 14 0 15 0 17 -1 16 -1 17 -2 18 -3 18 -4 20 -5 19 -6 19 -6 20 -6 19 -7 20 -8 20 -9 20 -9 21 -11 20 -11 20 -12 0 0 0 0 0 0 0 0 0 0 ]
CSI_DATA,AP,08:3A:F2:46:92:18,-58,11,0,0,0,0,0,0,0,0,0,-96,0,8,1,39774289,0,37,0,0,40.246951,128,[37 80 2 0 0 0 0 0 0 0 0 0 35 13 30 5 30 10 34 10 34 14 29 16 29 13 28 17 23 14 25 17 24 18 22 16 21 16 20 15 17 15 18 14 16 14 15 12 15 12 14 11 12 9 12 8 11 7 11 6 11 4 10 3 0 0 9 1 9 -1 10 -2 8 -3 9 -4 9 -5 8 -6 8 -7 7 -7 7 -8 7 -10 7 -10 6 -11 5 -12 5 -13 5 -14 4 -14 3 -15 3 -16 2 -16 2 -17 0 -17 1 -18 -1 -20 -1 -19 -2 -20 0 0 0 0 0 0 0 0 0 0 ]
CSI_DATA,AP,08:3A:F2:46:92:18,-67,11,1,6,1,1,1,0,0,0,0,-96,0,8,1,39777604,0,84,0,0,40.281053,384,[84 -64 4 0 0 0 0 0 0 0 0 0 11 -9 12 -9 11 -8 11 -7 12 -7 12 -6 12 -6 12 -5 12 -5 12 -4 11 -5 11 -4 10 -3 10 -3 9 -3 9 -3 9 -3 8 -2 8 -3 7 -3 7 -2 6 -3 5 -3 5 -3 4 -3 4 -4 0 0 3 -4 2 -4 1 -4 1 -5 1 -5 1 -5 0 -5 0 -6 -1 -6 -2 -6 -2 -6 -2 -6 -3 -6 -3 -5 -4 -6 -4 -5 -4 -5 -5 -6 -6 -6 -6 -5 -6 -6 -7 -6 -7 -5 -8 -5 -8 -5 -8 -5 0 0 0 0 0 0 0 0 0 0 ]
CSI_DATA,AP,08:3A:F2:46:92:18,-65,11,1,6,1,1,1,0,0,0,0,-96,0,8,1,39858111,0,84,0,0,40.330709,384,[84 -64 4 0 0 0 0 0 0 0 0 0 -11 6 -11 5 -12 4 -12 4 -12 4 -12 3 -12 2 -11 2 -11 1 -11 1 -11 0 -10 0 -10 0 -10 0 -10 0 -9 0 -9 0 -8 0 -8 0 -8 1 -7 1 -7 1 -6 1 -7 2 -6 2 -6 2 0 0 -6 3 -5 3 -5 3 -5 3 -5 4 -5 4 -5 4 -5 4 -4 5 -5 5 -4 5 -4 6 -4 6 -4 7 -4 7 -3 7 -3 8 -3 7 -3 8 -3 8 -3 9 -3 9 -3 9 -2 10 -3 10 -2 10 0 0 0 0 0 0 0 0 0 0 ]
CSI_DATA,AP,08:3A:F2:46:92:18,-65,11,1,6,1,1,1,0,0,0,0,-96,0,8,1,39859791,0,84,0,0,40.364869,384,[84 -64 4 0 0 0 0 0 0 0 0 0 14 -4 13 -3 14 -3 14 -2 13 -1 13 0 13 0 12 1 12 1 11 1 12 2 11 2 10 1 10 1 10 2 9 2 9 2 8 2 8 1 7 1 7 1 7 0 7 0 7 -1 6 -1 6 -1 0 0 6 -2 6 -3 6 -3 6 -3 6 -4 6 -4 6 -4 5 -4 5 -5 5 -5 5 -6 6 -6 5 -6 5 -7 6 -7 5 -7 5 -8 6 -8 5 -8 5 -9 5 -9 5 -10 5 -10 5 -11 5 -11 5 -11 0 0 0 0 0 0 0 0 0 0 ]
CSI_DATA,AP,08:3A:F2:46:92:18,-67,11,1,4,1,1,1,0,0,0,0,-96,0,8,1,39911078,0,84,0,0,40.401453,384,[84 -64 4 0 0 0 0 0 0 0 0 0 10 2 10 3 10 3 9 4 8 4 8 5 8 5 7 5 6 5 6 4 5 5 5 5 5 4 4 4 4 4 3 3 3 3 2 2 3 2 2 1 3 1 2 0 2 0 3 -1 3 -1 2 -1 0 0 2 -2 3 -2 3 -3 3 -3 3 -4 3 -5 3 -4 3 -5 3 -5 3 -5 3 -6 3 -6 3 -6 3 -7 3 -7 3 -8 3 -8 3 -9 3 -9 3 -9 3 -9 3 -10 3 -10 3 -11 3 -10 3 -11 0 0 0 0 0 0 0 0 0 0 ]
CSI_DATA,AP,08:3A:F2:46:92:18,-67,11,1,4,1,1,1,0,0,0,0,-96,0,8,1,39916150,0,84,0,0,40.435631,384,[84 -64 4 0 0 0 0 0 0 0 0 0 4 9 4 9 4 9 4 9 3 8 2 9 2 9 1 8 1 8 1 7 0 7 0 7 0 6 0 6 0 5 -1 5 0 4 0 4 1 4 0 3 1 2 1 2 1 2 2 1 2 1 2 1 0 0 3 0 3 0 3 0 4 -1 4 -1 4 -1 4 -1 5 -2 5 -2 5 -2 5 -2 5 -2 6 -3 6 -3 6 -3 6 -4 7 -4 6 -4 7 -5 7 -4 7 -5 7 -5 8 -6 8 -6 8 -6 8 -6 0 0 0 0 0 0 0 0 0 0 ]
CSI_DATA,AP,08:3A:F2:46:92:18,-69,11,1,6,1,1,1,0,0,0,0,-96,0,8,1,39916587,0,84,0,0,40.468109,384,[84 -64 4 0 0 0 0 0 0 0 0 0 -4 11 -5 10 -6 10 -6 9 -6 8 -7 9 -6 9 -6 8 -7 8 -8 6 -7 6 -7 5 -7 5 -6 4 -5 4 -5 4 -4 4 -4 3 -3 3 -2 3 -2 3 -1 2 -1 3 0 3 0 2 1 3 0 0 2 3 2 3 2 3 3 3 3 3 4 3 4 3 4 3 5 3 5 4 5 3 6 4 6 3 6 3 7 3 8 3 8 3 9 2 8 3 9 3 10 3 9 2 10 3 10 3 11 3 11 3 0 0 0 0 0 0 0 0 0 0 ]
CSI_DATA,AP,08:3A:F2:46:92:18,-70,11,1,6,1,1,1,0,0,0,0,-96,0,8,1,39917217,0,84,0,0,40.500519,384,[84 -64 4 0 0 0 0 0 0 0 0 0 -10 -4 -10 -5 -10 -5 -10 -6 -9 -5 -8 -6 -8 -6 -7 -6 -7 -6 -7 -6 -6 -6 -5 -6 -5 -5 -5 -5 -4 -5 -4 -5 -4 -4 -3 -3 -4 -3 -3 -2 -3 -2 -3 -2 -3 -1 -4 0 -4 0 -3 0 0 0 -4 1 -4 1 -4 2 -4 2 -4 3 -4 3 -4 3 -4 3 -4 4 -4 4 -4 4 -5 5 -5 6 -4 6 -4 6 -4 6 -4 7 -4 7 -5 7 -4 7 -4 8 -4 8 -4 8 -4 9 -5 10 -4 10 0 0 0 0 0 0 0 0 0 0 ]
CSI_DATA,AP,08:3A:F2:46:92:18,-70,11,1,6,1,1,1,0,0,0,0,-96,0,8,1,39917377,0,84,0,0,40.540463,384,[84 -64 4 0 0 0 0 0 0 0 0 0 -10 6 -11 5 -11 4 -11 4 -11 3 -11 3 -10 2 -10 1 -10 1 -9 1 -9 0 -8 0 -8 0 -8 0 -7 -1 -6 0 -6 0 -5 0 -5 1 -3 1 -4 1 -3 1 -3 1 -3 2 -2 2 -2 3 0 0 -1 3 0 4 0 4 0 5 0 5 1 5 1 6 1 6 1 6 2 6 2 6 2 7 2 7 3 7 4 7 4 7 4 7 5 8 4 7 5 8 5 8 6 8 6 8 7 8 7 9 7 9 0 0 0 0 0 0 0 0 0 0 ]
CSI_DATA,AP,08:3A:F2:46:92:18,-69,11,1,5,1,1,1,0,0,0,0,-96,0,8,1,39917564,0,84,0,0,40.574899,384,[84 -64 4 0 0 0 0 0 0 0 0 0 -10 6 -10 6 -10 5 -10 4 -10 4 -10 4 -10 4 -10 3 -10 2 -10 2 -9 1 -9 1 -8 0 -7 1 -7 0 -6 1 -6 1 -5 0 -4 1 -4 1 -3 1 -2 1 -2 2 -2 2 -1 2 -1 3 0 0 -1 4 0 4 0 4 0 4 1 5 1 5 2 5 1 5 2 5 2 5 2 6 3 6 3 6 4 6 4 7 5 7 5 6 5 7 5 7 6 7 6 7 6 7 7 7 7 8 8 8 8 8 0 0 0 0 0 0 0 0 0 0 ]
CSI_DATA,AP,08:3A:F2:46:92:18,-69,11,1,5,1,1,1,0,0,0,0,-96,0,8,1,39918298,0,84,0,0,40.609290,384,[84 -64 4 0 0 0 0 0 0 0 0 0 6 8 5 8 5 8 4 8 4 8 3 8 2 8 2 8 1 8 1 7 1 7 1 7 1 6 1 5 1 5 0 5 0 4 0 4 0 3 1 3 1 2 1 2 1 2 2 1 2 0 2 0 0 0 3 -1 3 -1 3 -1 3 -1 4 -2 5 -2 5 -2 5 -2 4 -3 5 -3 5 -3 5 -3 5 -4 6 -4 6 -5 6 -5 6 -5 6 -5 6 -6 6 -6 7 -6 7 -7 7 -7 7 -8 7 -8 7 -8 0 0 0 0 0 0 0 0 0 0 ]
CSI_DATA,AP,08:3A:F2:46:92:18,-69,11,1,5,1,1,1,0,0,0,0,-96,0,8,1,39918575,0,84,0,0,40.641197,384,[84 -64 4 0 0 0 0 0 0 0 0 0 -9 -8 -8 -8 -8 -9 -8 -9 -7 -9 -6 -9 -6 -9 -5 -9 -5 -8 -4 -9 -3 -9 -4 -8 -3 -7 -3 -7 -3 -7 -2 -6 -2 -5 -2 -5 -3 -4 -3 -3 -3 -3 -3 -2 -3 -2 -3 -1 -3 -1 -3 0 0 0 -4 1 -4 1 -4 1 -5 2 -5 2 -5 3 -5 3 -5 3 -5 4 -5 4 -5 4 -6 5 -6 5 -5 6 -6 6 -5 6 -5 7 -5 7 -6 7 -5 8 -6 8 -6 9 -6 9 -6 10 -6 10 -6 10 0 0 0 0 0 0 0 0 0 0 ]
CSI_DATA,AP,08:3A:F2:46:92:18,-61,11,0,0,0,0,0,0,0,0,0,-96,0,8,1,40137150,0,84,0,0,40.682747,128,[84 -64 4 0 0 0 0 0 0 0 0 0 -3 -7 -3 -6 -1 -4 1 -2 0 0 -1 0 -1 1 -1 1 -1 4 -3 4 -3 6 -3 8 -4 9 -5 10 -6 11 -6 12 -8 12 -9 13 -10 13 -10 13 -11 13 -11 13 -12 13 -13 14 -13 15 -14 15 0 0 -13 15 -14 17 -13 17 -13 18 -13 18 -14 19 -13 19 -14 19 -13 21 -15 21 -15 23 -15 22 -15 24 -16 24 -16 27 -17 28 -16 28 -18 28 -18 29 -18 29 -19 29 -18 30 -20 30 -20 32 -20 31 -21 31 0 0 0 0 0 0 0 0 0 0 ]
CSI_DATA,AP,08:3A:F2:46:92:18,-63,11,1,3,1,1,1,0,0,0,0,-96,0,8,1,40213458,0,84,0,0,40.724799,384,[84 -64 4 0 0 0 0 0 0 0 0 0 12 -2 13 -2 13 -1 14 -1 13 -1 14 -1 14 0 13 0 13 1 13 1 13 1 13 2 13 2 12 2 12 2 12 2 11 2 11 2 11 2 10 2 10 1 9 1 9 1 9 1 9 1 8 0 0 0 8 0 7 -1 8 -1 7 -1 8 -1 7 -2 7 -2 6 -2 6 -2 6 -2 6 -3 5 -3 5 -3 4 -3 4 -3 5 -4 4 -3 3 -4 2 -4 2 -4 2 -4 1 -4 1 -4 1 -4 0 -4 0 -4 0 0 0 0 0 0 0 0 0 0 ]
CSI_DATA,AP,08:3A:F2:46:92:18,-64,11,1,5,1,1,1,0,0,0,0,-96,0,8,1,40213855,0,84,0,0,40.759297,384,[84 -64 4 0 0 0 0 0 0 0 0 0 13 7 12 8 13 8 13 9 13 9 12 10 12 10 11 10 11 10 11 10 10 11 10 11 10 11 9 11 9 10 9 10 8 10 8 9 8 9 8 8 8 8 7 8 7 7 7 7 7 7 7 6 0 0 7 5 7 5 8 4 7 4 8 3 7 3 7 3 7 2 7 2 7 2 7 1 7 1 7 2 6 0 6 0 5 0 6 0 5 -1 5 -1 5 -2 4 -2 4 -3 3 -3 3 -3 3 -3 3 -4 0 0 0 0 0 0 0 0 0 0 ]
CSI_DATA,AP,08:3A:F2:46:92:18,-64,11,1,5,1,1,1,0,0,0,0,-96,0,8,1,40214578,0,84,0,0,40.793176,384,[84 -64 4 0 0 0 0 0 0 0 0 0 1 -14 1 -15 1 -14 2 -14 2 -14 3 -15 3 -15 3 -14 4 -14 4 -13 4 -14 4 -14 4 -13 4 -13 4 -12 5 -12 4 -12 4 -12 4 -11 4 -10 3 -10 3 -10 3 -10 2 -10 2 -9 2 -9 0 0 1 -9 1 -8 0 -8 0 -8 0 -8 0 -8 -1 -8 -1 -8 -1 -8 -2 -7 -2 -7 -2 -7 -2 -7 -2 -6 -2 -6 -3 -6 -2 -5 -3 -5 -3 -5 -3 -4 -3 -4 -4 -3 -3 -3 -4 -2 -4 -2 -4 -1 0 0 0 0 0 0 0 0 0 0 ]
CSI_DATA,AP,08:3A:F2:46:92:18,-64,11,1,5,1,1,1,0,0,0,0,-96,0,8,1,40214920,0,84,0,0,40.838399,384,[84 -64 4 0 0 0 0 0 0 0 0 0 -14 -7 -13 -8 -14 -8 -14 -9 -14 -9 -13 -9 -13 -10 -13 -10 -13 -10 -13 -10 -13 -10 -12 -10 -12 -11 -11 -11 -11 -10 -11 -11 -10 -10 -9 -10 -10 -9 -9 -8 -9 -8 -9 -8 -9 -7 -9 -7 -9 -7 -9 -6 0 0 -9 -5 -8 -5 -9 -4 -8 -4 -8 -3 -8 -3 -9 -3 -8 -2 -8 -2 -8 -2 -8 -2 -8 -1 -8 -1 -7 0 -7 0 -6 0 -6 0 -6 1 -6 0 -5 1 -5 1 -5 1 -4 2 -3 2 -3 2 -3 3 0 0 0 0 0 0 0 0 0 0 ]
CSI_DATA,AP,08:3A:F2:46:92:18,-64,11,1,5,1,1,1,0,0,0,0,-96,0,8,1,40215161,0,84,0,0,40.878027,384,[84 -64 4 0 0 0 0 0 0 0 0 0 3 -15 4 -15 3 -15 4 -15 5 -15 6 -15 6 -15 6 -14 7 -14 7 -14 7 -15 8 -14 7 -13 7 -13 7 -12 7 -12 7 -11 7 -11 7 -11 6 -10 6 -10 6 -10 5 -10 5 -10 5 -10 4 -9 0 0 3 -9 3 -8 2 -9 2 -9 2 -9 2 -9 2 -8 1 -8 1 -9 0 -8 0 -8 0 -8 -1 -8 -1 -7 0 -7 -1 -7 -1 -6 -2 -6 -2 -6 -3 -5 -2 -5 -3 -4 -3 -3 -3 -3 -3 -3 -4 -3 0 0 0 0 0 0 0 0 0 0 ]
CSI_DATA,AP,08:3A:F2:46:92:18,-64,11,1,5,1,1,1,0,0,0,0,-96,0,8,1,40215321,0,84,0,0,40.915276,384,[84 -64 4 0 0 0 0 0 0 0 0 0 -10 -9 -10 -10 -11 -10 -11 -10 -10 -10 -10 -11 -9 -11 -9 -11 -9 -11 -9 -11 -8 -12 -8 -12 -8 -12 -8 -12 -7 -12 -7 -11 -6 -11 -6 -10 -6 -10 -6 -10 -6 -9 -6 -9 -6 -8 -6 -8 -6 -8 -6 -8 0 0 -6 -7 -6 -6 -7 -6 -6 -5 -7 -5 -7 -5 -6 -5 -7 -4 -7 -4 -6 -4 -6 -3 -6 -3 -6 -3 -6 -2 -6 -2 -6 -2 -5 -1 -5 -1 -5 -1 -5 -1 -4 0 -4 0 -4 0 -4 1 -3 1 -3 2 0 0 0 0 0 0 0 0 0 0 ]
CSI_DATA,AP,08:3A:F2:46:92:18,-65,11,1,5,1,1,1,0,0,0,0,-96,0,8,1,40215580,0,84,0,0,40.957185,384,[84 -64 4 0 0 0 0 0 0 0 0 0 14 -2 14 -1 14 -1 15 0 15 0 15 1 15 1 15 1 15 1 15 2 15 2 15 2 14 2 14 2 14 3 13 2 13 3 12 3 12 2 11 2 11 2 11 2 10 1 10 1 10 0 9 0 0 0 9 -1 8 -1 8 -1 8 -2 8 -2 8 -2 8 -2 7 -2 7 -3 6 -3 6 -3 6 -3 5 -3 5 -4 5 -4 5 -4 4 -3 4 -4 3 -4 3 -4 2 -4 2 -4 1 -4 1 -4 0 -4 0 -4 0 0 0 0 0 0 0 0 0 0 ]
CSI_DATA,AP,08:3A:F2:46:92:18,-66,11,1,5,1,1,1,0,0,0,0,-96,0,8,1,40253269,0,84,0,0,40.994268,384,[84 -64 4 0 0 0 0 0 0 0 0 0 -12 -2 -12 -3 -13 -3 -13 -4 -13 -3 -13 -4 -13 -4 -13 -5 -13 -5 -13 -6 -13 -6 -13 -6 -13 -7 -12 -7 -12 -7 -12 -7 -11 -6 -10 -7 -11 -7 -10 -6 -10 -6 -9 -6 -9 -5 -9 -5 -8 -5 -8 -4 0 0 -8 -3 -8 -3 -8 -3 -8 -2 -8 -2 -7 -1 -8 -1 -7 -1 -7 -1 -7 0 -7 0 -7 0 -6 0 -6 0 -6 1 -6 1 -5 1 -5 1 -5 1 -4 2 -4 2 -4 2 -3 2 -3 3 -3 3 -2 3 0 0 0 0 0 0 0 0 0 0 ]
CSI_DATA,AP,08:3A:F2:46:92:18,-61,11,1,3,1,1,1,1,0,0,0,-96,6,8,1,40567788,0,84,0,0,41.40635,384,[84 -64 4 0 0 0 0 0 0 0 0 0 -7 -12 -7 -13 -8 -13 -7 -14 -6 -14 -6 -14 -5 -15 -5 -15 -5 -15 -5 -14 -4 -16 -4 -16 -4 -15 -4 -14 -4 -14 -3 -15 -2 -14 -2 -14 -2 -13 -3 -13 -2 -12 -3 -12 -2 -12 -3 -12 -3 -12 -3 -11 0 0 -3 -11 -4 -10 -4 -10 -4 -10 -4 -10 -5 -9 -4 -9 -5 -9 -5 -9 -5 -9 -5 -8 -5 -8 -6 -8 -5 -7 -5 -7 -6 -7 -5 -6 -5 -6 -5 -6 -5 -5 -5 -5 -5 -5 -5 -4 -5 -3 -5 -3 -6 -3 0 0 0 0 0 0 0 0 0 0 ]
CSI_DATA,AP,08:3A:F2:46:92:18,-61,11,1,3,1,1,1,1,0,0,0,-96,6,8,1,40567788,0,84,0,0,41.81440,384,[84 -64 4 0 0 0 0 0 0 0 0 0 -7 -12 -7 -13 -8 -13 -7 -14 -6 -14 -6 -14 -5 -15 -5 -15 -5 -15 -5 -14 -4 -16 -4 -16 -4 -15 -4 -14 -4 -14 -3 -15 -2 -14 -2 -14 -2 -13 -3 -13 -2 -12 -3 -12 -2 -12 -3 -12 -3 -12 -3 -11 0 0 -3 -11 -4 -10 -4 -10 -4 -10 -4 -10 -5 -9 -4 -9 -5 -9 -5 -9 -5 -9 -5 -8 -5 -8 -6 -8 -5 -7 -5 -7 -6 -7 -5 -6 -5 -6 -5 -6 -5 -5 -5 -5 -5 -5 -5 -4 -5 -3 -5 -3 -6 -3 0 0 0 0 0 0 0 0 0 0 ]
CSI_DATA,AP,08:3A:F2:46:92:18,-61,11,1,3,1,1,1,1,0,0,0,-96,6,8,1,40567788,0,84,0,0,41.124045,384,[84 -64 4 0 0 0 0 0 0 0 0 0 -7 -12 -7 -13 -8 -13 -7 -14 -6 -14 -6 -14 -5 -15 -5 -15 -5 -15 -5 -14 -4 -16 -4 -16 -4 -15 -4 -14 -4 -14 -3 -15 -2 -14 -2 -14 -2 -13 -3 -13 -2 -12 -3 -12 -2 -12 -3 -12 -3 -12 -3 -11 0 0 -3 -11 -4 -10 -4 -10 -4 -10 -4 -10 -5 -9 -4 -9 -5 -9 -5 -9 -5 -9 -5 -8 -5 -8 -6 -8 -5 -7 -5 -7 -6 -7 -5 -6 -5 -6 -5 -6 -5 -5 -5 -5 -5 -5 -5 -4 -5 -3 -5 -3 -6 -3 0 0 0 0 0 0 0 0 0 0 ]
CSI_DATA,AP,08:3A:F2:46:92:18,-61,11,1,3,1,1,1,1,0,0,0,-96,6,8,1,40567788,0,84,0,0,41.166875,384,[84 -64 4 0 0 0 0 0 0 0 0 0 -7 -12 -7 -13 -8 -13 -7 -14 -6 -14 -6 -14 -5 -15 -5 -15 -5 -15 -5 -14 -4 -16 -4 -16 -4 -15 -4 -14 -4 -14 -3 -15 -2 -14 -2 -14 -2 -13 -3 -13 -2 -12 -3 -12 -2 -12 -3 -12 -3 -12 -3 -11 0 0 -3 -11 -4 -10 -4 -10 -4 -10 -4 -10 -5 -9 -4 -9 -5 -9 -5 -9 -5 -9 -5 -8 -5 -8 -6 -8 -5 -7 -5 -7 -6 -7 -5 -6 -5 -6 -5 -6 -5 -5 -5 -5 -5 -5 -5 -4 -5 -3 -5 -3 -6 -3 0 0 0 0 0 0 0 0 0 0 ]
CSI_DATA,AP,08:3A:F2:46:92:18,-61,11,1,3,1,1,1,1,0,0,0,-96,6,8,1,40567788,0,84,0,0,41.209883,384,[84 -64 4 0 0 0 0 0 0 0 0 0 -7 -12 -7 -13 -8 -13 -7 -14 -6 -14 -6 -14 -5 -15 -5 -15 -5 -15 -5 -14 -4 -16 -4 -16 -4 -15 -4 -14 -4 -14 -3 -15 -2 -14 -2 -14 -2 -13 -3 -13 -2 -12 -3 -12 -2 -12 -3 -12 -3 -12 -3 -11 0 0 -3 -11 -4 -10 -4 -10 -4 -10 -4 -10 -5 -9 -4 -9 -5 -9 -5 -9 -5 -9 -5 -8 -5 -8 -6 -8 -5 -7 -5 -7 -6 -7 -5 -6 -5 -6 -5 -6 -5 -5 -5 -5 -5 -5 -5 -4 -5 -3 -5 -3 -6 -3 0 0 0 0 0 0 0 0 0 0 ]
CSI_DATA,AP,08:3A:F2:46:92:18,-61,11,1,3,1,1,1,1,0,0,0,-96,6,8,1,40567788,0,84,0,0,41.252868,384,[84 -64 4 0 0 0 0 0 0 0 0 0 -7 -12 -7 -13 -8 -13 -7 -14 -6 -14 -6 -14 -5 -15 -5 -15 -5 -15 -5 -14 -4 -16 -4 -16 -4 -15 -4 -14 -4 -14 -3 -15 -2 -14 -2 -14 -2 -13 -3 -13 -2 -12 -3 -12 -2 -12 -3 -12 -3 -12 -3 -11 0 0 -3 -11 -4 -10 -4 -10 -4 -10 -4 -10 -5 -9 -4 -9 -5 -9 -5 -9 -5 -9 -5 -8 -5 -8 -6 -8 -5 -7 -5 -7 -6 -7 -5 -6 -5 -6 -5 -6 -5 -5 -5 -5 -5 -5 -5 -4 -5 -3 -5 -3 -6 -3 0 0 0 0 0 0 0 0 0 0 ]
CSI_DATA,AP,08:3A:F2:46:92:18,-64,11,1,7,1,1,1,1,0,0,0,-96,6,8,1,40574990,0,84,0,0,41.296952,384,[84 -64 4 0 0 0 0 0 0 0 0 0 -1 -13 -1 -14 -1 -14 -1 -14 0 -14 1 -15 1 -14 1 -14 2 -14 2 -14 3 -14 3 -14 3 -14 3 -13 3 -13 3 -13 3 -13 4 -13 3 -12 3 -12 3 -12 3 -11 3 -11 3 -11 2 -11 2 -11 0 0 2 -10 1 -10 1 -10 1 -10 0 -10 0 -9 0 -10 0 -10 0 -9 0 -9 -1 -9 -1 -9 -1 -9 -1 -8 -1 -8 -2 -8 -1 -8 -2 -8 -2 -8 -2 -7 -2 -7 -3 -6 -3 -6 -3 -5 -3 -5 -3 -5 0 0 0 0 0 0 0 0 0 0 ]
CSI_DATA,AP,08:3A:F2:46:92:18,-64,11,1,7,1,1,1,1,0,0,0,-96,6,8,1,40574990,0,84,0,0,41.338546,384,[84 -64 4 0 0 0 0 0 0 0 0 0 -1 -13 -1 -14 -1 -14 -1 -14 0 -14 1 -15 1 -14 1 -14 2 -14 2 -14 3 -14 3 -14 3 -14 3 -13 3 -13 3 -13 3 -13 4 -13 3 -12 3 -12 3 -12 3 -11 3 -11 3 -11 2 -11 2 -11 0 0 2 -10 1 -10 1 -10 1 -10 0 -10 0 -9 0 -10 0 -10 0 -9 0 -9 -1 -9 -1 -9 -1 -9 -1 -8 -1 -8 -2 -8 -1 -8 -2 -8 -2 -8 -2 -7 -2 -7 -3 -6 -3 -6 -3 -5 -3 -5 -3 -5 0 0 0 0 0 0 0 0 0 0 ]
CSI_DATA,AP,08:3A:F2:46:92:18,-64,11,1,7,1,1,1,1,0,0,0,-96,6,8,1,40574990,0,84,0,0,41.378886,384,[84 -64 4 0 0 0 0 0 0 0 0 0 -1 -13 -1 -14 -1 -14 -1 -14 0 -14 1 -15 1 -14 1 -14 2 -14 2 -14 3 -14 3 -14 3 -14 3 -13 3 -13 3 -13 3 -13 4 -13 3 -12 3 -12 3 -12 3 -11 3 -11 3 -11 2 -11 2 -11 0 0 2 -10 1 -10 1 -10 1 -10 0 -10 0 -9 0 -10 0 -10 0 -9 0 -9 -1 -9 -1 -9 -1 -9 -1 -8 -1 -8 -2 -8 -1 -8 -2 -8 -2 -8 -2 -7 -2 -7 -3 -6 -3 -6 -3 -5 -3 -5 -3 -5 0 0 0 0 0 0 0 0 0 0 ]
CSI_DATA,AP,08:3A:F2:46:92:18,-64,11,1,7,1,1,1,1,0,0,0,-96,6,8,1,40574990,0,84,0,0,41.419207,384,[84 -64 4 0 0 0 0 0 0 0 0 0 -1 -13 -1 -14 -1 -14 -1 -14 0 -14 1 -15 1 -14 1 -14 2 -14 2 -14 3 -14 3 -14 3 -14 3 -13 3 -13 3 -13 3 -13 4 -13 3 -12 3 -12 3 -12 3 -11 3 -11 3 -11 2 -11 2 -11 0 0 2 -10 1 -10 1 -10 1 -10 0 -10 0 -9 0 -10 0 -10 0 -9 0 -9 -1 -9 -1 -9 -1 -9 -1 -8 -1 -8 -2 -8 -1 -8 -2 -8 -2 -8 -2 -7 -2 -7 -3 -6 -3 -6 -3 -5 -3 -5 -3 -5 0 0 0 0 0 0 0 0 0 0 ]
CSI_DATA,AP,08:3A:F2:46:92:18,-64,11,1,7,1,1,1,1,0,0,0,-96,6,8,1,40574990,0,84,0,0,41.457862,384,[84 -64 4 0 0 0 0 0 0 0 0 0 -1 -13 -1 -14 -1 -14 -1 -14 0 -14 1 -15 1 -14 1 -14 2 -14 2 -14 3 -14 3 -14 3 -14 3 -13 3 -13 3 -13 3 -13 4 -13 3 -12 3 -12 3 -12 3 -11 3 -11 3 -11 2 -11 2 -11 0 0 2 -10 1 -10 1 -10 1 -10 0 -10 0 -9 0 -10 0 -10 0 -9 0 -9 -1 -9 -1 -9 -1 -9 -1 -8 -1 -8 -2 -8 -1 -8 -2 -8 -2 -8 -2 -7 -2 -7 -3 -6 -3 -6 -3 -5 -3 -5 -3 -5 0 0 0 0 0 0 0 0 0 0 ]
CSI_DATA,AP,08:3A:F2:46:92:18,-64,11,1,7,1,1,1,1,0,0,0,-96,6,8,1,40574990,0,84,0,0,41.498065,384,[84 -64 4 0 0 0 0 0 0 0 0 0 -1 -13 -1 -14 -1 -14 -1 -14 0 -14 1 -15 1 -14 1 -14 2 -14 2 -14 3 -14 3 -14 3 -14 3 -13 3 -13 3 -13 3 -13 4 -13 3 -12 3 -12 3 -12 3 -11 3 -11 3 -11 2 -11 2 -11 0 0 2 -10 1 -10 1 -10 1 -10 0 -10 0 -9 0 -10 0 -10 0 -9 0 -9 -1 -9 -1 -9 -1 -9 -1 -8 -1 -8 -2 -8 -1 -8 -2 -8 -2 -8 -2 -7 -2 -7 -3 -6 -3 -6 -3 -5 -3 -5 -3 -5 0 0 0 0 0 0 0 0 0 0 ]
CSI_DATA,AP,08:3A:F2:46:92:18,-64,11,1,7,1,1,1,1,0,0,0,-96,6,8,1,40575630,0,84,0,0,41.538528,384,[84 -64 4 0 0 0 0 0 0 0 0 0 13 1 13 2 13 1 13 2 13 2 13 3 13 3 13 4 13 4 13 4 13 4 13 5 13 5 12 5 12 5 11 5 10 5 10 5 10 5 10 5 10 5 10 4 9 4 9 4 9 4 9 4 0 0 9 3 9 3 9 2 9 2 9 2 9 2 9 2 8 2 8 1 8 1 8 0 8 1 8 1 8 0 7 0 7 0 7 -1 6 0 6 -1 6 -1 6 -1 5 -2 5 -2 4 -2 4 -2 4 -3 0 0 0 0 0 0 0 0 0 0 ]
CSI_DATA,AP,08:3A:F2:46:92:18,-64,11,1,7,1,1,1,1,0,0,0,-96,6,8,1,40575630,0,84,0,0,41.574178,384,[84 -64 4 0 0 0 0 0 0 0 0 0 13 1 13 2 13 1 13 2 13 2 13 3 13 3 13 4 13 4 13 4 13 4 13 5 13 5 12 5 12 5 11 5 10 5 10 5 10 5 10 5 10 5 10 4 9 4 9 4 9 4 9 4 0 0 9 3 9 3 9 2 9 2 9 2 9 2 9 2 8 2 8 1 8 1 8 0 8 1 8 1 8 0 7 0 7 0 7 -1 6 0 6 -1 6 -1 6 -1 5 -2 5 -2 4 -2 4 -2 4 -3 0 0 0 0 0 0 0 0 0 0 ]
CSI_DATA,AP,08:3A:F2:46:92:18,-64,11,1,7,1,1,1,1,0,0,0,-96,6,8,1,40575630,0,84,0,0,41.608207,384,[84 -64 4 0 0 0 0 0 0 0 0 0 13 1 13 2 13 1 13 2 13 2 13 3 13 3 13 4 13 4 13 4 13 4 13 5 13 5 12 5 12 5 11 5 10 5 10 5 10 5 10 5 10 5 10 4 9 4 9 4 9 4 9 4 0 0 9 3 9 3 9 2 9 2 9 2 9 2 9 2 8 2 8 1 8 1 8 0 8 1 8 1 8 0 7 0 7 0 7 -1 6 0 6 -1 6 -1 6 -1 5 -2 5 -2 4 -2 4 -2 4 -3 0 0 0 0 0 0 0 0 0 0 ]
CSI_DATA,AP,08:3A:F2:46:92:18,-64,11,1,7,1,1,1,1,0,0,0,-96,6,8,1,40575630,0,84,0,0,41.642115,384,[84 -64 4 0 0 0 0 0 0 0 0 0 13 1 13 2 13 1 13 2 13 2 13 3 13 3 13 4 13 4 13 4 13 4 13 5 13 5 12 5 12 5 11 5 10 5 10 5 10 5 10 5 10 5 10 4 9 4 9 4 9 4 9 4 0 0 9 3 9 3 9 2 9 2 9 2 9 2 9 2 8 2 8 1 8 1 8 0 8 1 8 1 8 0 7 0 7 0 7 -1 6 0 6 -1 6 -1 6 -1 5 -2 5 -2 4 -2 4 -2 4 -3 0 0 0 0 0 0 0 0 0 0 ]
CSI_DATA,AP,08:3A:F2:46:92:18,-64,11,1,7,1,1,1,1,0,0,0,-96,6,8,1,40575630,0,84,0,0,41.674327,384,[84 -64 4 0 0 0 0 0 0 0 0 0 13 1 13 2 13 1 13 2 13 2 13 3 13 3 13 4 13 4 13 4 13 4 13 5 13 5 12 5 12 5 11 5 10 5 10 5 10 5 10 5 10 5 10 4 9 4 9 4 9 4 9 4 0 0 9 3 9 3 9 2 9 2 9 2 9 2 9 2 8 2 8 1 8 1 8 0 8 1 8 1 8 0 7 0 7 0 7 -1 6 0 6 -1 6 -1 6 -1 5 -2 5 -2 4 -2 4 -2 4 -3 0 0 0 0 0 0 0 0 0 0 ]
CSI_DATA,AP,08:3A:F2:46:92:18,-64,11,1,7,1,1,1,1,0,0,0,-96,6,8,1,40575630,0,84,0,0,41.708333,384,[84 -64 4 0 0 0 0 0 0 0 0 0 13 1 13 2 13 1 13 2 13 2 13 3 13 3 13 4 13 4 13 4 13 4 13 5 13 5 12 5 12 5 11 5 10 5 10 5 10 5 10 5 10 5 10 4 9 4 9 4 9 4 9 4 0 0 9 3 9 3 9 2 9 2 9 2 9 2 9 2 8 2 8 1 8 1 8 0 8 1 8 1 8 0 7 0 7 0 7 -1 6 0 6 -1 6 -1 6 -1 5 -2 5 -2 4 -2 4 -2 4 -3 0 0 0 0 0 0 0 0 0 0 ]
CSI_DATA,AP,08:3A:F2:46:92:18,-63,11,1,6,1,1,1,1,0,0,0,-96,6,8,1,40577674,0,84,0,0,41.743973,384,[84 -64 4 0 0 0 0 0 0 0 0 0 -13 -4 -13 -4 -14 -3 -14 -4 -14 -4 -14 -6 -13 -6 -13 -6 -13 -6 -13 -6 -14 -7 -13 -7 -13 -7 -13 -7 -12 -8 -12 -7 -11 -8 -11 -7 -11 -7 -11 -7 -10 -7 -10 -6 -10 -7 -10 -6 -10 -6 -10 -5 0 0 -10 -5 -9 -4 -10 -4 -9 -4 -9 -4 -10 -4 -10 -4 -9 -3 -9 -3 -9 -2 -9 -2 -9 -2 -9 -2 -9 -2 -8 -2 -8 -1 -8 -1 -7 -1 -8 -1 -7 -1 -7 -1 -7 0 -6 0 -6 1 -5 1 -5 1 0 0 0 0 0 0 0 0 0 0 ]
CSI_DATA,AP,08:3A:F2:46:92:18,-63,11,1,6,1,1,1,1,0,0,0,-96,6,8,1,40577674,0,84,0,0,41.786327,384,[84 -64 4 0 0 0 0 0 0 0 0 0 -13 -4 -13 -4 -14 -3 -14 -4 -14 -4 -14 -6 -13 -6 -13 -6 -13 -6 -13 -6 -14 -7 -13 -7 -13 -7 -13 -7 -12 -8 -12 -7 -11 -8 -11 -7 -11 -7 -11 -7 -10 -7 -10 -6 -10 -7 -10 -6 -10 -6 -10 -5 0 0 -10 -5 -9 -4 -10 -4 -9 -4 -9 -4 -10 -4 -10 -4 -9 -3 -9 -3 -9 -2 -9 -2 -9 -2 -9 -2 -9 -2 -8 -2 -8 -1 -8 -1 -7 -1 -8 -1 -7 -1 -7 -1 -7 0 -6 0 -6 1 -5 1 -5 1 0 0 0 0 0 0 0 0 0 0 ]
CSI_DATA,AP,08:3A:F2:46:92:18,-63,11,1,6,1,1,1,1,0,0,0,-96,6,8,1,40577674,0,84,0,0,41.828773,384,[84 -64 4 0 0 0 0 0 0 0 0 0 -13 -4 -13 -4 -14 -3 -14 -4 -14 -4 -14 -6 -13 -6 -13 -6 -13 -6 -13 -6 -14 -7 -13 -7 -13 -7 -13 -7 -12 -8 -12 -7 -11 -8 -11 -7 -11 -7 -11 -7 -10 -7 -10 -6 -10 -7 -10 -6 -10 -6 -10 -5 0 0 -10 -5 -9 -4 -10 -4 -9 -4 -9 -4 -10 -4 -10 -4 -9 -3 -9 -3 -9 -2 -9 -2 -9 -2 -9 -2 -9 -2 -8 -2 -8 -1 -8 -1 -7 -1 -8 -1 -7 -1 -7 -1 -7 0 -6 0 -6 1 -5 1 -5 1 0 0 0 0 0 0 0 0 0 0 ]
CSI_DATA,AP,08:3A:F2:46:92:18,-63,11,1,6,1,1,1,1,0,0,0,-96,6,8,1,40577674,0,84,0,0,41.871064,384,[84 -64 4 0 0 0 0 0 0 0 0 0 -13 -4 -13 -4 -14 -3 -14 -4 -14 -4 -14 -6 -13 -6 -13 -6 -13 -6 -13 -6 -14 -7 -13 -7 -13 -7 -13 -7 -12 -8 -12 -7 -11 -8 -11 -7 -11 -7 -11 -7 -10 -7 -10 -6 -10 -7 -10 -6 -10 -6 -10 -5 0 0 -10 -5 -9 -4 -10 -4 -9 -4 -9 -4 -10 -4 -10 -4 -9 -3 -9 -3 -9 -2 -9 -2 -9 -2 -9 -2 -9 -2 -8 -2 -8 -1 -8 -1 -7 -1 -8 -1 -7 -1 -7 -1 -7 0 -6 0 -6 1 -5 1 -5 1 0 0 0 0 0 0 0 0 0 0 ]
CSI_DATA,AP,08:3A:F2:46:92:18,-63,11,1,6,1,1,1,1,0,0,0,-96,6,8,1,40577674,0,84,0,0,41.913538,384,[84 -64 4 0 0 0 0 0 0 0 0 0 -13 -4 -13 -4 -14 -3 -14 -4 -14 -4 -14 -6 -13 -6 -13 -6 -13 -6 -13 -6 -14 -7 -13 -7 -13 -7 -13 -7 -12 -8 -12 -7 -11 -8 -11 -7 -11 -7 -11 -7 -10 -7 -10 -6 -10 -7 -10 -6 -10 -6 -10 -5 0 0 -10 -5 -9 -4 -10 -4 -9 -4 -9 -4 -10 -4 -10 -4 -9 -3 -9 -3 -9 -2 -9 -2 -9 -2 -9 -2 -9 -2 -8 -2 -8 -1 -8 -1 -7 -1 -8 -1 -7 -1 -7 -1 -7 0 -6 0 -6 1 -5 1 -5 1 0 0 0 0 0 0 0 0 0 0 ]
CSI_DATA,AP,08:3A:F2:46:92:18,-63,11,1,6,1,1,1,1,0,0,0,-96,6,8,1,40577674,0,84,0,0,41.956178,384,[84 -64 4 0 0 0 0 0 0 0 0 0 -13 -4 -13 -4 -14 -3 -14 -4 -14 -4 -14 -6 -13 -6 -13 -6 -13 -6 -13 -6 -14 -7 -13 -7 -13 -7 -13 -7 -12 -8 -12 -7 -11 -8 -11 -7 -11 -7 -11 -7 -10 -7 -10 -6 -10 -7 -10 -6 -10 -6 -10 -5 0 0 -10 -5 -9 -4 -10 -4 -9 -4 -9 -4 -10 -4 -10 -4 -9 -3 -9 -3 -9 -2 -9 -2 -9 -2 -9 -2 -9 -2 -8 -2 -8 -1 -8 -1 -7 -1 -8 -1 -7 -1 -7 -1 -7 0 -6 0 -6 1 -5 1 -5 1 0 0 0 0 0 0 0 0 0 0 ]
CSI_DATA,AP,08:3A:F2:46:92:18,-64,11,1,7,1,1,1,1,0,0,0,-96,6,8,1,40577957,0,84,0,0,41.998680,384,[84 -64 4 0 0 0 0 0 0 0 0 0 11 2 12 3 12 4 12 3 12 4 12 5 12 5 12 4 12 5 12 5 12 6 12 6 12 6 11 6 11 6 11 6 10 6 10 6 10 5 10 5 10 5 9 5 9 5 9 4 9 4 9 3 0 0 9 3 9 3 9 2 9 2 9 2 9 1 9 1 9 1 8 1 8 0 8 0 8 0 8 0 8 -1 7 0 7 -1 8 -1 7 -1 6 -2 6 -2 5 -2 5 -3 5 -3 5 -3 4 -3 4 -3 0 0 0 0 0 0 0 0 0 0 ]
CSI_DATA,AP,08:3A:F2:46:92:18,-64,11,1,7,1,1,1,1,0,0,0,-96,6,8,1,40577957,0,84,0,0,42.31033,384,[84 -64 4 0 0 0 0 0 0 0 0 0 11 2 12 3 12 4 12 3 12 4 12 5 12 5 12 4 12 5 12 5 12 6 12 6 12 6 11 6 11 6 11 6 10 6 10 6 10 5 10 5 10 5 9 5 9 5 9 4 9 4 9 3 0 0 9 3 9 3 9 2 9 2 9 2 9 1 9 1 9 1 8 1 8 0 8 0 8 0 8 0 8 -1 7 0 7 -1 8 -1 7 -1 6 -2 6 -2 5 -2 5 -3 5 -3 5 -3 4 -3 4 -3 0 0 0 0 0 0 0 0 0 0 ]
CSI_DATA,AP,08:3A:F2:46:92:18,-64,11,1,7,1,1,1,1,0,0,0,-96,6,8,1,40577957,0,84,0,0,42.67765,384,[84 -64 4 0 0 0 0 0 0 0 0 0 11 2 12 3 12 4 12 3 12 4 12 5 12 5 12 4 12 5 12 5 12 6 12 6 12 6 11 6 11 6 11 6 10 6 10 6 10 5 10 5 10 5 9 5 9 5 9 4 9 4 9 3 0 0 9 3 9 3 9 2 9 2 9 2 9 1 9 1 9 1 8 1 8 0 8 0 8 0 8 0 8 -1 7 0 7 -1 8 -1 7 -1 6 -2 6 -2 5 -2 5 -3 5 -3 5 -3 4 -3 4 -3 0 0 0 0 0 0 0 0 0 0 ]
CSI_DATA,AP,08:3A:F2:46:92:18,-64,11,1,7,1,1,1,1,0,0,0,-96,6,8,1,40577957,0,84,0,0,42.100875,384,[84 -64 4 0 0 0 0 0 0 0 0 0 11 2 12 3 12 4 12 3 12 4 12 5 12 5 12 4 12 5 12 5 12 6 12 6 12 6 11 6 11 6 11 6 10 6 10 6 10 5 10 5 10 5 9 5 9 5 9 4 9 4 9 3 0 0 9 3 9 3 9 2 9 2 9 2 9 1 9 1 9 1 8 1 8 0 8 0 8 0 8 0 8 -1 7 0 7 -1 8 -1 7 -1 6 -2 6 -2 5 -2 5 -3 5 -3 5 -3 4 -3 4 -3 0 0 0 0 0 0 0 0 0 0 ]
CSI_DATA,AP,08:3A:F2:46:92:18,-64,11,1,7,1,1,1,1,0,0,0,-96,6,8,1,40577957,0,84,0,0,42.135523,384,[84 -64 4 0 0 0 0 0 0 0 0 0 11 2 12 3 12 4 12 3 12 4 12 5 12 5 12 4 12 5 12 5 12 6 12 6 12 6 11 6 11 6 11 6 10 6 10 6 10 5 10 5 10 5 9 5 9 5 9 4 9 4 9 3 0 0 9 3 9 3 9 2 9 2 9 2 9 1 9 1 9 1 8 1 8 0 8 0 8 0 8 0 8 -1 7 0 7 -1 8 -1 7 -1 6 -2 6 -2 5 -2 5 -3 5 -3 5 -3 4 -3 4 -3 0 0 0 0 0 0 0 0 0 0 ]
CSI_DATA,AP,08:3A:F2:46:92:18,-64,11,1,7,1,1,1,1,0,0,0,-96,6,8,1,40577957,0,84,0,0,42.168997,384,[84 -64 4 0 0 0 0 0 0 0 0 0 11 2 12 3 12 4 12 3 12 4 12 5 12 5 12 4 12 5 12 5 12 6 12 6 12 6 11 6 11 6 11 6 10 6 10 6 10 5 10 5 10 5 9 5 9 5 9 4 9 4 9 3 0 0 9 3 9 3 9 2 9 2 9 2 9 1 9 1 9 1 8 1 8 0 8 0 8 0 8 0 8 -1 7 0 7 -1 8 -1 7 -1 6 -2 6 -2 5 -2 5 -3 5 -3 5 -3 4 -3 4 -3 0 0 0 0 0 0 0 0 0 0 ]
CSI_DATA,AP,08:3A:F2:46:92:18,-63,11,1,3,1,1,1,0,0,0,0,-96,0,8,1,41730098,0,84,0,0,42.205553,384,[84 -64 4 0 0 0 0 0 0 0 0 0 -4 -10 -3 -10 -2 -11 -2 -13 -3 -11 -2 -11 -3 -11 -2 -11 -2 -11 -2 -11 -1 -12 -1 -12 -1 -11 -1 -12 -1 -11 0 -11 0 -11 0 -10 0 -11 0 -10 0 -10 -1 -10 0 -9 0 -9 0 -9 0 -9 0 0 -1 -8 -1 -8 -1 -8 -1 -8 -2 -7 -2 -7 -2 -7 -2 -7 -2 -6 -2 -6 -2 -6 -2 -5 -3 -5 -3 -5 -3 -5 -3 -4 -3 -4 -3 -3 -3 -3 -4 -3 -4 -3 -4 -2 -4 -2 -4 -2 -4 -1 -4 -1 0 0 0 0 0 0 0 0 0 0 ]
CSI_DATA,AP,08:3A:F2:46:92:18,-61,11,1,2,1,1,1,0,0,0,0,-96,0,8,1,41735772,0,84,0,0,42.249593,384,[84 -64 4 0 0 0 0 0 0 0 0 0 -10 9 -10 9 -11 9 -11 9 -11 8 -12 9 -12 9 -12 8 -13 8 -13 8 -14 8 -13 8 -14 7 -13 7 -13 6 -13 7 -13 6 -12 6 -12 6 -12 5 -12 6 -11 5 -11 5 -11 5 -11 5 -10 5 0 0 -9 5 -9 6 -8 6 -8 6 -7 6 -7 6 -7 6 -7 5 -6 5 -5 6 -5 6 -5 5 -4 5 -3 5 -3 5 -2 5 -2 5 -2 4 -2 5 -1 5 -1 4 -1 4 0 4 1 4 2 3 2 4 0 0 0 0 0 0 0 0 0 0 ]
CSI_DATA,AP,08:3A:F2:46:92:18,-63,11,1,3,1,1,1,0,0,0,0,-96,0,8,1,41736107,0,84,0,0,42.286785,384,[84 -64 4 0 0 0 0 0 0 0 0 0 9 7 9 7 10 8 10 8 10 9 9 9 9 10 8 10 8 10 8 10 8 11 8 11 8 11 7 11 7 11 7 11 6 11 6 11 6 10 6 10 6 10 6 9 5 9 5 9 5 9 5 8 0 0 5 7 5 7 5 7 5 6 5 6 6 6 6 5 6 5 5 5 5 4 5 4 5 4 5 3 5 3 4 3 5 2 5 2 5 1 4 1 4 0 4 0 4 -1 4 -1 4 -2 3 -2 4 -3 0 0 0 0 0 0 0 0 0 0 ]
CSI_DATA,AP,08:3A:F2:46:92:18,-63,11,1,3,1,1,1,0,0,0,0,-96,0,8,1,41736302,0,84,0,0,42.319785,384,[84 -64 4 0 0 0 0 0 0 0 0 0 4 9 4 10 4 10 5 10 4 10 3 11 3 11 3 11 3 12 3 11 3 12 2 12 2 12 2 11 2 11 2 11 1 11 1 10 1 10 1 10 1 10 1 9 1 9 1 9 2 9 1 8 0 0 2 8 2 7 2 7 2 7 3 7 3 6 3 6 3 5 3 5 3 5 3 4 3 4 3 4 3 4 3 3 3 3 4 3 3 2 3 2 3 1 3 1 3 0 3 0 3 -1 4 -1 4 -1 0 0 0 0 0 0 0 0 0 0 ]
CSI_DATA,AP,08:3A:F2:46:92:18,-63,11,1,3,1,1,1,0,0,0,0,-96,0,8,1,41736479,0,84,0,0,42.353074,384,[84 -64 4 0 0 0 0 0 0 0 0 0 11 4 11 4 12 4 12 5 12 5 11 6 11 6 11 7 11 7 11 7 11 7 11 8 11 8 10 8 10 8 10 8 9 8 9 8 9 8 9 8 9 7 8 7 7 7 8 7 8 6 8 6 0 0 7 5 7 5 7 5 7 4 7 4 7 4 7 4 7 3 6 3 6 2 6 2 6 2 6 1 6 1 5 1 5 0 5 0 5 0 4 -1 4 -1 4 -2 4 -2 3 -3 3 -4 3 -3 3 -4 0 0 0 0 0 0 0 0 0 0 ]
CSI_DATA,AP,08:3A:F2:46:92:18,-63,11,1,3,1,1,1,0,0,0,0,-96,0,8,1,41744003,0,84,0,0,42.387895,384,[84 -64 4 0 0 0 0 0 0 0 0 0 -11 -4 -12 -4 -13 -5 -13 -5 -13 -5 -12 -6 -12 -6 -12 -7 -12 -7 -12 -7 -12 -7 -12 -8 -12 -8 -12 -8 -11 -8 -11 -8 -11 -8 -10 -8 -10 -8 -10 -7 -10 -7 -10 -7 -9 -7 -10 -6 -9 -6 -9 -6 0 0 -9 -5 -8 -5 -9 -5 -8 -4 -8 -4 -8 -4 -8 -3 -8 -4 -8 -3 -8 -3 -8 -3 -7 -2 -7 -2 -7 -2 -6 -1 -6 -1 -6 -1 -6 0 -6 0 -5 0 -5 0 -5 1 -4 1 -4 2 -4 2 -3 3 0 0 0 0 0 0 0 0 0 0 ]
CSI_DATA,AP,08:3A:F2:46:92:18,-63,11,1,3,1,1,1,0,0,0,0,-96,0,8,1,41744341,0,84,0,0,42.429374,384,[84 -64 4 0 0 0 0 0 0 0 0 0 -6 10 -7 10 -7 11 -7 10 -7 10 -8 10 -9 10 -9 10 -9 10 -10 9 -10 10 -10 10 -10 9 -10 9 -9 8 -10 9 -10 8 -10 8 -9 7 -9 7 -9 7 -9 6 -9 7 -8 7 -8 7 -8 7 0 0 -7 6 -7 7 -6 7 -6 7 -5 7 -6 6 -5 6 -5 6 -5 6 -4 6 -4 6 -4 6 -3 5 -3 5 -2 6 -2 5 -1 5 -1 5 -2 4 -1 5 -1 4 0 4 1 4 1 4 2 3 2 3 0 0 0 0 0 0 0 0 0 0 ]
CSI_DATA,AP,08:3A:F2:46:92:18,-63,11,1,3,1,1,1,0,0,0,0,-96,0,8,1,41744581,0,84,0,0,42.465024,384,[84 -64 4 0 0 0 0 0 0 0 0 0 -10 -7 -10 -8 -11 -8 -11 -8 -11 -9 -10 -9 -10 -10 -9 -10 -9 -10 -10 -10 -10 -11 -10 -10 -10 -11 -9 -11 -9 -11 -9 -10 -8 -10 -8 -10 -8 -10 -8 -10 -7 -10 -7 -9 -7 -9 -7 -8 -7 -8 -7 -8 0 0 -7 -7 -7 -7 -7 -6 -7 -6 -8 -6 -7 -6 -7 -5 -7 -5 -7 -5 -7 -4 -7 -4 -7 -4 -7 -3 -6 -3 -6 -3 -6 -2 -6 -2 -6 -1 -6 -1 -5 -1 -5 -1 -5 0 -4 0 -4 1 -4 2 -4 2 0 0 0 0 0 0 0 0 0 0 ]
CSI_DATA,AP,08:3A:F2:46:92:18,-63,11,1,3,1,1,1,0,0,0,0,-96,0,8,1,41744848,0,84,0,0,42.507029,384,[84 -64 4 0 0 0 0 0 0 0 0 0 10 -5 11 -5 12 -5 11 -5 12 -5 12 -4 12 -3 12 -3 12 -3 12 -3 13 -3 13 -3 13 -3 13 -2 13 -2 13 -2 12 -1 12 -1 12 -1 12 -1 11 -1 11 -1 10 -1 10 -2 10 -2 10 -2 0 0 9 -2 8 -2 8 -3 8 -3 8 -3 8 -3 7 -3 7 -4 6 -3 6 -4 6 -4 6 -3 6 -4 5 -4 4 -4 4 -4 4 -4 3 -4 2 -5 2 -4 2 -4 1 -5 1 -5 0 -5 0 -5 0 -5 0 0 0 0 0 0 0 0 0 0 ]
CSI_DATA,AP,08:3A:F2:46:92:18,-58,11,0,0,0,0,0,0,0,0,0,-96,0,8,1,41822904,0,84,0,0,42.545053,128,[84 -64 4 0 0 0 0 0 0 0 0 0 22 29 21 20 18 23 21 27 19 31 16 27 19 26 13 30 16 26 12 27 15 27 15 25 15 27 12 27 12 27 13 28 12 26 10 25 10 26 10 24 9 24 9 23 9 22 10 22 11 21 10 21 0 0 9 20 11 19 11 18 10 17 10 17 10 17 10 15 9 15 9 13 9 13 10 13 8 12 10 10 9 9 9 9 9 8 9 6 8 5 9 5 8 3 8 2 8 1 8 -1 8 -2 8 -4 8 -5 0 0 0 0 0 0 0 0 0 0 ]
CSI_DATA,AP,08:3A:F2:46:92:18,-66,11,1,3,1,1,1,0,0,0,0,-96,0,8,1,41918628,0,84,0,0,42.582635,384,[84 -64 4 0 0 0 0 0 0 0 0 0 8 -1 8 -1 8 -1 8 -1 9 -1 8 0 9 0 8 1 8 0 8 0 8 1 8 1 8 0 8 1 8 2 7 1 7 1 6 2 7 1 7 1 6 1 6 1 6 1 5 1 5 1 5 1 0 0 5 0 5 0 5 0 4 -1 4 -1 4 -1 4 -1 4 -1 4 -1 3 -1 3 -2 3 -2 3 -2 2 -2 2 -1 2 -2 2 -2 1 -2 0 -2 0 -3 0 -3 -1 -3 -1 -3 -1 -3 -2 -3 -2 -3 0 0 0 0 0 0 0 0 0 0 ]
CSI_DATA,AP,08:3A:F2:46:92:18,-60,11,0,0,0,0,0,0,0,0,0,-96,0,8,1,41957240,0,84,0,0,42.616710,128,[84 -64 4 0 0 0 0 0 0 0 0 0 -15 26 -16 26 -17 25 -16 25 -17 25 -22 25 -22 23 -23 22 -23 21 -24 21 -23 23 -23 21 -24 20 -23 19 -23 16 -23 18 -22 16 -22 15 -22 14 -21 14 -21 13 -20 13 -19 13 -18 15 -18 15 -17 14 0 0 -16 14 -15 15 -14 15 -14 15 -14 14 -14 14 -13 14 -13 14 -12 14 -12 13 -10 14 -10 12 -8 13 -8 12 -7 13 -6 12 -4 12 -3 12 -2 13 -1 12 1 12 2 12 4 13 6 13 7 13 8 14 0 0 0 0 0 0 0 0 0 0 ]
CSI_DATA,AP,08:3A:F2:46:92:18,-59,11,0,0,0,0,0,0,0,0,0,-96,0,8,1,41992631,0,84,0,0,42.658245,128,[84 -64 4 0 0 0 0 0 0 0 0 0 -4 -28 -3 -28 -2 -29 -1 -30 1 -29 2 -31 3 -30 4 -29 4 -29 6 -29 6 -30 6 -28 7 -28 7 -26 8 -25 7 -26 8 -24 7 -23 7 -24 7 -23 7 -22 6 -21 6 -20 5 -21 4 -21 4 -21 0 0 4 -19 3 -20 2 -20 1 -19 1 -19 1 -20 1 -19 1 -18 0 -17 0 -17 -1 -17 -1 -16 -2 -15 -2 -15 -3 -15 -5 -14 -5 -14 -6 -13 -7 -12 -8 -11 -9 -11 -11 -10 -12 -9 -14 -9 -15 -9 -16 -8 0 0 0 0 0 0 0 0 0 0 ]
CSI_DATA,AP,08:3A:F2:46:92:18,-63,11,1,2,1,1,1,0,0,0,0,-96,0,8,1,42074152,0,84,0,0,42.703483,384,[84 -64 4 0 0 0 0 0 0 0 0 0 1 8 1 8 0 9 0 9 -1 8 -1 9 -1 9 -1 9 -2 9 -2 9 -2 9 -2 9 -3 8 -3 8 -3 8 -3 8 -3 8 -3 8 -3 7 -3 7 -3 7 -3 7 -3 7 -3 7 -2 7 -2 7 0 0 -2 6 -2 6 -2 6 -1 6 -1 6 -1 6 -1 6 -1 6 -1 6 0 6 0 6 0 5 1 5 1 5 1 4 1 5 2 4 2 4 2 4 2 4 3 4 3 4 3 4 4 3 5 3 5 3 0 0 0 0 0 0 0 0 0 0 ]
CSI_DATA,AP,08:3A:F2:46:92:18,-62,11,1,2,1,1,1,0,0,0,0,-96,0,8,1,42112314,0,84,0,0,42.735973,384,[84 -64 4 0 0 0 0 0 0 0 0 0 -10 2 -10 2 -10 2 -11 2 -11 1 -12 0 -11 0 -11 0 -11 -1 -11 -1 -11 -1 -11 -1 -11 -1 -11 -2 -11 -2 -11 -2 -10 -2 -9 -2 -10 -2 -9 -2 -9 -2 -9 -2 -8 -2 -9 -2 -9 -2 -8 -2 0 0 -8 -1 -8 -1 -8 -1 -7 -1 -8 -1 -8 0 -8 -1 -7 0 -7 0 -7 -1 -7 0 -7 0 -7 1 -7 1 -6 1 -6 1 -5 2 -5 2 -6 2 -5 2 -5 3 -5 3 -4 3 -4 4 -4 4 -4 5 0 0 0 0 0 0 0 0 0 0 ]
CSI_DATA,AP,08:3A:F2:46:92:18,-62,11,1,2,1,1,1,0,0,0,0,-96,0,8,1,42112555,0,84,0,0,42.775408,384,[84 -64 4 0 0 0 0 0 0 0 0 0 1 -10 1 -10 2 -10 2 -11 3 -11 3 -10 3 -11 4 -10 4 -10 4 -9 4 -10 5 -10 5 -10 5 -9 5 -9 5 -9 5 -9 5 -8 5 -8 5 -8 5 -8 5 -7 4 -7 4 -7 4 -8 4 -8 0 0 3 -7 3 -7 3 -7 3 -7 3 -7 3 -7 3 -7 2 -7 2 -7 2 -6 1 -7 1 -6 1 -7 1 -6 1 -6 0 -6 0 -6 -1 -6 -2 -6 -1 -6 -2 -6 -2 -6 -3 -5 -3 -5 -4 -6 -4 -6 0 0 0 0 0 0 0 0 0 0 ]
CSI_DATA,AP,08:3A:F2:46:92:18,-62,11,1,1,1,1,1,0,0,0,0,-96,0,8,1,42237784,0,84,0,0,42.813111,384,[84 -64 4 0 0 0 0 0 0 0 0 0 -4 -11 -4 -11 -3 -11 -3 -11 -3 -11 -2 -12 -1 -12 -1 -12 -1 -12 -1 -11 -1 -13 0 -12 0 -11 0 -12 0 -11 0 -11 1 -11 1 -11 1 -10 1 -10 1 -10 1 -10 1 -10 1 -9 0 -10 0 -9 0 0 0 -9 0 -8 0 -8 0 -8 0 -8 -1 -8 -1 -8 -1 -8 -1 -8 -1 -7 -2 -7 -2 -7 -2 -7 -2 -6 -2 -6 -2 -6 -3 -6 -3 -5 -4 -5 -4 -5 -4 -5 -5 -4 -5 -4 -6 -4 -6 -4 -6 -3 0 0 0 0 0 0 0 0 0 0 ]
CSI_DATA,AP,08:3A:F2:46:92:18,-62,11,1,1,1,1,1,0,0,0,0,-96,0,8,1,42238128,0,84,0,0,42.853538,384,[84 -64 4 0 0 0 0 0 0 0 0 0 -10 -1 -10 -1 -11 -1 -11 -1 -10 -2 -11 -2 -11 -2 -10 -3 -10 -3 -10 -3 -11 -4 -10 -4 -10 -4 -10 -4 -10 -4 -10 -4 -9 -4 -8 -4 -9 -4 -9 -4 -8 -4 -8 -4 -7 -4 -8 -4 -8 -4 -8 -4 0 0 -7 -3 -8 -3 -8 -3 -7 -3 -7 -3 -7 -2 -7 -2 -7 -2 -6 -2 -7 -2 -6 -2 -6 -2 -6 -1 -6 0 -6 0 -6 0 -5 0 -5 1 -5 1 -5 1 -5 2 -5 2 -4 3 -4 3 -5 3 -4 4 0 0 0 0 0 0 0 0 0 0 ]
CSI_DATA,AP,08:3A:F2:46:92:18,-62,11,1,1,1,1,1,0,0,0,0,-96,0,8,1,42264810,0,84,0,0,42.894190,384,[84 -64 4 0 0 0 0 0 0 0 0 0 -9 3 -10 2 -9 3 -10 2 -10 2 -11 1 -10 1 -11 0 -11 0 -11 0 -11 0 -11 -1 -11 -1 -11 -1 -11 -1 -10 -1 -10 -2 -9 -2 -10 -1 -9 -1 -9 -1 -9 -2 -8 -1 -9 -1 -9 -1 -8 -1 0 0 -8 -1 -8 -1 -8 0 -7 0 -7 0 -8 0 -7 0 -7 0 -7 1 -6 1 -6 1 -6 1 -6 2 -6 2 -5 1 -5 2 -5 2 -4 3 -5 3 -4 3 -4 3 -4 4 -3 4 -3 5 -3 5 -2 5 0 0 0 0 0 0 0 0 0 0 ]
CSI_DATA,AP,08:3A:F2:46:92:18,-56,11,0,0,0,0,0,0,0,0,0,-96,0,8,1,42460748,0,84,0,0,42.934779,128,[84 -64 4 0 0 0 0 0 0 0 0 0 -7 -26 -7 -28 -6 -27 -4 -28 -2 -28 -2 -29 -1 -28 0 -28 1 -27 1 -27 1 -28 2 -27 3 -27 4 -25 4 -25 4 -25 5 -24 5 -22 5 -24 5 -22 5 -22 4 -21 4 -20 4 -21 3 -21 3 -21 0 0 2 -20 2 -20 1 -21 0 -19 1 -20 0 -20 0 -19 0 -19 -1 -18 -1 -18 -2 -19 -2 -18 -3 -18 -3 -18 -4 -17 -5 -19 -6 -17 -6 -17 -6 -17 -8 -17 -8 -17 -9 -17 -10 -16 -12 -17 -12 -16 -13 -17 0 0 0 0 0 0 0 0 0 0 ]
CSI_DATA,AP,08:3A:F2:46:92:18,-61,11,1,1,1,1,1,0,0,0,0,-96,0,8,1,42461174,0,84,0,0,42.974094,384,[84 -64 4 0 0 0 0 0 0 0 0 0 7 -9 7 -8 8 -9 7 -8 8 -8 8 -7 9 -6 9 -6 9 -6 9 -6 9 -6 9 -6 9 -6 9 -6 9 -5 8 -5 9 -4 9 -4 9 -4 8 -4 8 -4 8 -4 7 -4 7 -4 7 -4 7 -5 0 0 6 -4 6 -5 6 -5 6 -5 6 -5 6 -5 6 -5 6 -5 5 -5 5 -5 5 -6 5 -6 4 -5 4 -6 4 -6 3 -6 3 -7 3 -6 2 -7 2 -7 2 -7 1 -8 2 -8 1 -9 0 -8 0 -9 0 0 0 0 0 0 0 0 0 0 ]
CSI_DATA,AP,08:3A:F2:46:92:18,-56,11,0,0,0,0,0,0,0,0,0,-96,0,8,1,42465729,0,84,0,0,43.11951,128,[84 -64 4 0 0 0 0 0 0 0 0 0 25 10 25 12 24 13 25 14 24 15 23 16 22 17 21 18 20 18 20 18 20 19 19 18 19 19 17 18 16 19 17 19 15 19 14 18 15 18 14 17 13 17 13 16 12 15 14 15 14 14 13 14 0 0 13 13 14 13 15 12 14 11 14 11 15 11 14 10 14 10 14 9 14 10 15 9 14 8 15 7 15 7 15 7 16 6 16 4 16 4 17 4 16 2 16 2 17 0 18 0 19 -1 18 -2 19 -3 0 0 0 0 0 0 0 0 0 0 ]
CSI_DATA,AP,08:3A:F2:46:92:18,-61,11,1,1,1,1,1,0,0,0,0,-96,0,8,1,42466242,0,84,0,0,43.51680,384,[84 -64 4 0 0 0 0 0 0 0 0 0 -8 -9 -8 -10 -7 -10 -7 -10 -6 -10 -6 -11 -6 -11 -5 -11 -5 -11 -4 -11 -5 -11 -4 -11 -4 -11 -3 -11 -3 -10 -3 -10 -3 -10 -3 -10 -3 -10 -3 -9 -3 -9 -3 -9 -3 -9 -3 -9 -3 -9 -3 -8 0 0 -4 -8 -3 -7 -4 -8 -4 -7 -4 -8 -4 -7 -4 -7 -4 -7 -5 -7 -5 -6 -5 -6 -5 -6 -5 -6 -5 -5 -5 -5 -6 -5 -5 -4 -6 -5 -7 -4 -6 -3 -7 -4 -8 -3 -7 -3 -8 -2 -8 -3 -8 -2 0 0 0 0 0 0 0 0 0 0 ]
CSI_DATA,AP,08:3A:F2:46:92:18,-61,11,1,1,1,1,1,0,0,0,0,-96,0,8,1,42466464,0,84,0,0,43.92130,384,[84 -64 4 0 0 0 0 0 0 0 0 0 6 -9 7 -9 7 -9 8 -9 8 -8 8 -8 9 -7 9 -6 9 -7 9 -7 9 -6 9 -6 9 -6 9 -6 9 -5 9 -5 9 -5 8 -4 8 -4 8 -4 8 -4 8 -4 7 -4 8 -4 7 -5 7 -5 0 0 6 -5 6 -5 6 -5 6 -5 6 -5 6 -5 5 -5 5 -5 5 -5 4 -5 4 -6 4 -6 4 -5 4 -6 3 -6 3 -6 3 -6 2 -7 2 -7 2 -7 2 -7 1 -7 1 -8 1 -8 0 -8 0 -8 0 0 0 0 0 0 0 0 0 0 ]
CSI_DATA,AP,08:3A:F2:46:92:18,-61,11,1,1,1,1,1,0,0,0,0,-96,0,8,1,42467714,0,84,0,0,43.127716,384,[84 -64 4 0 0 0 0 0 0 0 0 0 -11 1 -12 0 -11 1 -12 0 -11 0 -12 -2 -11 -2 -11 -2 -12 -2 -11 -2 -12 -3 -11 -3 -11 -3 -11 -3 -11 -3 -10 -3 -10 -4 -9 -4 -10 -4 -9 -3 -9 -3 -9 -4 -8 -4 -9 -3 -9 -3 -8 -3 0 0 -8 -2 -8 -2 -9 -2 -8 -2 -8 -2 -8 -2 -8 -1 -8 -2 -8 -1 -8 -1 -8 -1 -8 -1 -8 0 -7 0 -7 0 -7 0 -7 1 -7 1 -8 1 -6 2 -7 2 -7 3 -7 3 -7 4 -7 4 -7 4 0 0 0 0 0 0 0 0 0 0 ]
CSI_DATA,AP,08:3A:F2:46:92:18,-61,11,1,1,1,1,1,0,0,0,0,-96,0,8,1,42505020,0,84,0,0,43.167936,384,[84 -64 4 0 0 0 0 0 0 0 0 0 6 6 6 7 6 7 5 7 5 7 5 8 5 9 4 8 4 8 3 8 4 9 3 9 3 8 3 9 2 8 3 9 2 8 2 8 2 8 1 8 1 7 2 7 1 7 2 7 2 6 2 7 0 0 2 6 2 6 3 6 3 6 2 6 3 5 3 5 2 5 3 5 3 5 3 4 3 4 3 4 4 4 4 3 4 3 4 3 4 3 4 2 4 2 5 2 5 2 5 2 6 1 6 1 6 1 0 0 0 0 0 0 0 0 0 0 ]
CSI_DATA,AP,08:3A:F2:46:92:18,-61,11,1,1,1,1,1,0,0,0,0,-96,0,8,1,42505267,0,84,0,0,43.197440,384,[84 -64 4 0 0 0 0 0 0 0 0 0 -10 2 -10 2 -12 2 -11 2 -11 2 -11 1 -12 1 -11 -1 -11 0 -11 0 -12 -1 -11 -1 -12 -1 -11 -1 -11 -2 -11 -1 -11 -1 -10 -1 -10 -1 -10 -1 -10 -1 -9 -1 -9 -2 -9 -1 -9 -1 -9 -1 0 0 -8 -1 -9 -1 -8 0 -8 0 -8 0 -8 0 -8 1 -8 1 -7 1 -7 1 -7 1 -7 1 -7 2 -6 2 -6 2 -6 2 -5 3 -6 3 -6 3 -5 4 -5 4 -5 4 -5 5 -5 5 -5 6 -5 6 0 0 0 0 0 0 0 0 0 0 ]
CSI_DATA,AP,08:3A:F2:46:92:18,-61,11,1,1,1,1,1,0,0,0,0,-96,0,8,1,42505525,0,84,0,0,43.238261,384,[84 -64 4 0 0 0 0 0 0 0 0 0 3 -9 3 -10 4 -9 4 -10 5 -9 5 -9 5 -9 6 -8 5 -8 5 -8 6 -8 6 -8 6 -8 6 -7 6 -7 6 -7 6 -7 6 -6 6 -6 6 -6 6 -6 6 -6 5 -5 5 -6 5 -6 5 -6 0 0 4 -6 4 -6 4 -6 4 -6 4 -6 4 -6 4 -6 3 -6 3 -6 3 -6 2 -6 2 -6 2 -6 1 -6 1 -6 1 -6 1 -6 1 -6 0 -7 0 -6 -1 -6 -1 -7 -2 -7 -2 -7 -2 -7 -2 -7 0 0 0 0 0 0 0 0 0 0 ]
CSI_DATA,AP,08:3A:F2:46:92:18,-61,11,1,1,1,1,1,0,0,0,0,-96,0,8,1,42505792,0,84,0,0,43.276043,384,[84 -64 4 0 0 0 0 0 0 0 0 0 0 11 -1 11 -1 10 -2 11 -2 10 -2 11 -2 11 -3 11 -3 10 -3 10 -4 11 -4 10 -4 10 -4 10 -5 9 -4 9 -5 9 -4 9 -4 8 -4 8 -4 8 -4 7 -4 7 -4 7 -3 7 -3 8 0 0 -3 7 -3 7 -2 7 -2 7 -2 7 -2 7 -2 7 -2 7 -1 6 -1 6 -1 6 -1 7 0 6 0 6 1 6 1 6 1 6 2 6 1 5 2 5 2 5 2 5 3 5 4 5 4 5 5 5 0 0 0 0 0 0 0 0 0 0 ]
CSI_DATA,AP,08:3A:F2:46:92:18,-61,11,1,0,1,1,1,0,0,0,0,-96,0,8,1,44645450,0,84,0,0,45.118224,384,[84 -64 4 0 0 0 0 0 0 0 0 0 2 -13 3 -12 4 -12 4 -13 5 -12 6 -11 6 -10 7 -10 6 -9 6 -8 6 -9 6 -8 6 -8 6 -7 6 -7 5 -7 5 -6 5 -6 5 -6 4 -5 4 -5 3 -6 3 -5 3 -6 2 -6 2 -6 0 0 1 -6 1 -6 0 -6 0 -6 0 -6 -1 -6 -1 -6 -1 -6 -2 -7 -3 -7 -3 -7 -3 -7 -4 -6 -4 -7 -4 -7 -5 -7 -5 -8 -5 -8 -4 -7 -5 -7 -6 -9 -6 -6 -6 -7 -7 -9 -8 -11 -7 -7 0 0 0 0 0 0 0 0 0 0 ]
CSI_DATA,AP,08:3A:F2:46:92:18,-61,11,1,0,1,1,1,0,0,0,0,-96,0,8,1,44651625,0,84,0,0,45.154469,384,[84 -64 4 0 0 0 0 0 0 0 0 0 -4 10 -5 9 -5 9 -5 9 -6 9 -6 8 -6 8 -6 7 -6 7 -7 6 -7 6 -6 6 -6 6 -6 5 -6 5 -6 5 -5 4 -5 4 -4 4 -4 4 -4 4 -4 4 -4 3 -3 4 -3 4 -3 4 0 0 -2 4 -1 4 -1 4 0 4 0 5 0 4 0 5 0 4 1 4 1 4 2 5 1 5 2 5 3 5 3 5 4 5 4 5 5 5 4 5 5 5 5 6 5 6 6 6 6 6 6 6 6 6 0 0 0 0 0 0 0 0 0 0 ]
CSI_DATA,AP,08:3A:F2:46:92:18,-61,11,1,0,1,1,1,0,0,0,0,-96,0,8,1,44659209,0,84,0,0,45.187910,384,[84 -64 4 0 0 0 0 0 0 0 0 0 -13 -1 -13 -1 -14 -1 -14 -1 -13 -3 -12 -4 -12 -5 -11 -5 -11 -5 -10 -5 -11 -5 -10 -5 -10 -5 -9 -4 -9 -5 -8 -4 -8 -4 -7 -4 -7 -3 -7 -3 -7 -3 -6 -2 -6 -2 -7 -1 -7 -1 -6 -1 0 0 -6 0 -6 1 -6 1 -5 1 -6 2 -6 2 -6 3 -6 2 -5 3 -6 3 -5 4 -5 4 -5 5 -5 5 -5 6 -6 7 -5 7 -5 7 -6 7 -5 7 -6 8 -6 9 -5 9 -5 10 -6 10 -6 10 0 0 0 0 0 0 0 0 0 0 ]
CSI_DATA,AP,08:3A:F2:46:92:18,-60,11,1,0,1,1,1,0,0,0,0,-96,0,8,1,44663490,0,84,0,0,45.225687,384,[84 -64 4 0 0 0 0 0 0 0 0 0 0 -14 1 -14 1 -13 2 -13 3 -12 3 -13 4 -13 5 -11 4 -12 5 -10 4 -11 4 -10 4 -10 4 -9 4 -9 3 -9 4 -8 3 -7 3 -7 3 -7 2 -7 2 -7 1 -6 0 -7 0 -7 -1 -7 0 0 -1 -6 -1 -6 -2 -6 -2 -6 -3 -6 -3 -6 -3 -6 -3 -6 -4 -5 -5 -5 -6 -5 -5 -6 -6 -5 -7 -5 -7 -5 -8 -5 -8 -5 -9 -5 -10 -6 -9 -5 -10 -6 -10 -5 -10 -5 -12 -5 -12 -6 -11 -5 0 0 0 0 0 0 0 0 0 0 ]
CSI_DATA,AP,08:3A:F2:46:92:18,-61,11,1,0,1,1,1,0,0,0,0,-96,0,8,1,44670900,0,84,0,0,45.265502,384,[84 -64 4 0 0 0 0 0 0 0 0 0 9 -5 10 -5 10 -5 11 -4 11 -4 10 -3 10 -2 10 -1 9 -1 9 -1 9 -1 9 -1 9 -1 8 0 8 0 8 -1 6 -1 6 0 6 -1 6 -1 6 -1 5 -1 5 -1 5 -2 5 -2 4 -2 0 0 4 -3 3 -3 3 -4 3 -4 3 -4 3 -4 3 -5 3 -5 2 -5 2 -5 1 -6 2 -6 1 -6 1 -7 1 -7 0 -8 1 -8 0 -8 0 -9 0 -8 0 -10 0 -10 0 -10 -1 -11 -1 -11 -1 -11 0 0 0 0 0 0 0 0 0 0 ]
CSI_DATA,AP,08:3A:F2:46:92:18,-60,11,1,0,1,1,1,0,0,0,0,-96,0,8,1,44675775,0,84,0,0,45.305473,384,[84 -64 4 0 0 0 0 0 0 0 0 0 -4 9 -5 8 -5 8 -6 9 -6 8 -6 7 -6 6 -7 6 -6 6 -6 5 -7 6 -7 6 -6 5 -6 5 -6 4 -6 4 -5 4 -5 3 -5 4 -4 3 -4 3 -4 3 -3 3 -3 4 -3 4 -2 4 0 0 -2 4 -1 4 -1 4 -1 4 -1 4 0 5 0 5 0 4 0 4 1 4 1 4 1 5 2 5 2 5 2 5 3 5 4 6 3 5 3 6 4 5 4 6 4 6 5 6 6 6 5 7 6 7 0 0 0 0 0 0 0 0 0 0 ]
CSI_DATA,AP,08:3A:F2:46:92:18,-56,11,0,0,0,0,0,0,0,0,0,-96,0,8,1,44683747,0,84,0,0,45.338053,128,[84 -64 4 0 0 0 0 0 0 0 0 0 14 -29 15 -29 16 -28 17 -28 18 -25 20 -24 19 -23 20 -21 19 -21 20 -18 21 -19 20 -17 20 -16 18 -14 17 -14 16 -14 15 -13 14 -12 12 -13 11 -12 10 -12 9 -13 8 -12 8 -13 7 -13 6 -13 0 0 3 -13 2 -14 1 -15 0 -15 0 -15 -1 -16 -2 -15 -3 -16 -5 -15 -4 -17 -6 -18 -6 -17 -7 -18 -9 -19 -10 -19 -12 -20 -12 -20 -13 -21 -14 -21 -15 -21 -15 -22 -17 -22 -16 -23 -18 -25 -18 -25 -19 -25 0 0 0 0 0 0 0 0 0 0 ]
CSI_DATA,AP,08:3A:F2:46:92:18,-60,11,1,0,1,1,1,0,0,0,0,-96,0,8,1,44687388,0,84,0,0,45.383033,384,[84 -64 4 0 0 0 0 0 0 0 0 0 -11 5 -11 5 -11 5 -11 4 -11 3 -11 2 -11 2 -11 1 -11 1 -10 1 -10 1 -10 1 -10 1 -9 0 -9 0 -9 0 -8 0 -7 0 -7 0 -7 0 -6 0 -6 1 -6 1 -6 2 -6 2 -5 2 0 0 -4 2 -5 3 -4 3 -4 3 -4 4 -4 4 -4 4 -4 4 -3 5 -3 5 -2 5 -3 5 -2 6 -2 6 -2 7 -1 7 -1 8 -1 7 -2 8 -1 8 -1 9 -1 9 -1 10 0 10 -1 10 0 10 0 0 0 0 0 0 0 0 0 0 ]
CSI_DATA,AP,08:3A:F2:46:92:18,-60,11,1,0,1,1,1,0,0,0,0,-96,0,8,1,44693366,0,84,0,0,45.420029,384,[84 -64 4 0 0 0 0 0 0 0 0 0 9 -7 9 -6 10 -6 10 -6 10 -5 10 -4 10 -3 10 -3 10 -2 9 -2 10 -2 9 -2 9 -2 9 -1 8 -1 8 -1 7 -1 6 -1 7 -1 6 -1 6 -1 5 -2 5 -2 5 -3 5 -3 4 -3 0 0 3 -4 3 -4 3 -4 2 -4 3 -5 3 -5 3 -5 2 -5 1 -6 1 -6 1 -7 1 -7 1 -7 0 -8 0 -8 0 -9 -1 -9 -1 -9 -1 -10 -1 -9 -1 -10 -1 -10 -1 -11 -2 -11 -1 -12 -1 -12 0 0 0 0 0 0 0 0 0 0 ]
CSI_DATA,AP,08:3A:F2:46:92:18,-60,11,1,0,1,1,1,0,0,0,0,-96,0,8,1,44699388,0,84,0,0,45.457862,384,[84 -64 4 0 0 0 0 0 0 0 0 0 -7 -11 -6 -11 -6 -11 -6 -11 -5 -12 -4 -12 -3 -12 -3 -11 -2 -11 -2 -10 -3 -11 -2 -10 -2 -10 -1 -9 -1 -9 -2 -9 -1 -8 -1 -7 -1 -7 -1 -7 -1 -6 -2 -6 -2 -6 -3 -5 -3 -5 -3 -5 0 0 -4 -4 -4 -4 -5 -4 -4 -3 -5 -4 -5 -3 -5 -3 -6 -3 -6 -2 -6 -2 -7 -1 -7 -2 -7 -1 -7 -1 -8 -1 -8 0 -9 0 -9 0 -10 0 -9 0 -10 0 -10 1 -11 1 -11 2 -11 1 -12 1 0 0 0 0 0 0 0 0 0 0 ]
CSI_DATA,AP,08:3A:F2:46:92:18,-61,11,1,0,1,1,1,0,0,0,0,-96,0,8,1,49095949,0,84,0,0,49.568710,384,[84 -64 4 0 0 0 0 0 0 0 0 0 6 11 5 11 5 11 6 12 5 11 4 13 3 12 3 12 3 12 2 11 3 13 2 12 2 12 2 11 1 12 2 12 1 11 1 10 1 10 1 10 1 9 1 9 1 9 2 9 2 8 2 8 0 0 2 7 3 7 3 7 3 6 3 6 3 6 3 6 3 5 3 5 3 4 4 5 3 4 4 4 4 3 4 3 4 3 4 2 4 2 3 2 4 1 4 1 4 0 4 0 4 -1 4 -1 4 -1 0 0 0 0 0 0 0 0 0 0 ]
CSI_DATA,AP,08:3A:F2:46:92:18,-61,11,1,0,1,1,1,0,0,0,0,-96,0,8,1,49101289,0,84,0,0,49.601208,384,[84 -64 4 0 0 0 0 0 0 0 0 0 9 9 9 9 10 9 10 9 9 10 8 10 8 11 7 11 7 11 7 10 7 11 7 10 7 10 7 10 5 10 6 11 5 10 4 10 5 9 4 9 4 9 4 8 3 8 5 8 5 7 5 7 0 0 4 6 5 6 5 5 5 4 5 4 5 4 5 5 5 4 5 4 5 3 6 3 5 3 5 2 5 2 5 2 5 1 5 1 4 0 4 0 4 0 4 0 4 -1 4 -2 4 -3 3 -3 3 -3 0 0 0 0 0 0 0 0 0 0 ]
CSI_DATA,AP,08:3A:F2:46:92:18,-60,11,1,0,1,1,1,0,0,0,0,-96,0,8,1,49111290,0,84,0,0,49.632661,384,[84 -64 4 0 0 0 0 0 0 0 0 0 7 10 7 11 7 10 8 11 7 11 5 12 5 12 4 12 4 11 4 11 4 13 5 11 4 12 4 11 3 11 3 11 2 11 2 10 3 10 2 9 2 9 2 9 2 8 3 8 3 8 3 8 0 0 3 7 4 7 4 6 4 6 4 6 4 6 4 6 4 5 4 5 4 4 5 4 4 4 4 3 5 3 4 3 4 3 4 2 4 2 4 1 4 1 4 1 4 0 4 -1 4 -1 4 -1 4 -2 0 0 0 0 0 0 0 0 0 0 ]
CSI_DATA,AP,08:3A:F2:46:92:18,-61,11,1,0,1,1,1,0,0,0,0,-96,0,8,1,49115249,0,84,0,0,49.665823,384,[84 -64 4 0 0 0 0 0 0 0 0 0 -4 12 -5 12 -5 12 -5 12 -6 11 -7 12 -7 12 -7 11 -7 11 -7 10 -8 11 -7 11 -7 10 -7 10 -8 9 -7 10 -8 9 -7 8 -7 8 -7 8 -6 7 -6 7 -6 7 -5 8 -5 7 -5 7 0 0 -4 7 -3 7 -3 7 -2 7 -3 7 -2 7 -2 7 -2 6 -1 6 -2 6 -1 7 -1 6 -1 6 0 5 0 5 1 5 1 5 1 4 1 4 1 3 2 4 2 3 3 3 3 3 3 2 3 2 0 0 0 0 0 0 0 0 0 0 ]
CSI_DATA,AP,08:3A:F2:46:92:18,-61,11,1,0,1,1,1,0,0,0,0,-96,0,8,1,49119381,0,84,0,0,49.701669,384,[84 -64 4 0 0 0 0 0 0 0 0 0 -12 6 -12 6 -12 6 -13 6 -13 5 -13 4 -13 4 -13 3 -13 3 -13 2 -13 3 -13 3 -13 2 -13 2 -13 1 -12 2 -12 2 -11 1 -11 1 -11 1 -10 1 -10 1 -9 1 -10 2 -9 2 -9 2 0 0 -8 3 -8 3 -8 3 -7 3 -7 3 -7 3 -7 4 -6 4 -6 4 -6 3 -5 4 -5 4 -5 4 -5 4 -4 4 -3 4 -3 4 -2 4 -3 4 -1 4 -2 4 -1 4 -1 4 0 4 0 4 1 4 0 0 0 0 0 0 0 0 0 0 ]
CSI_DATA,AP,08:3A:F2:46:92:18,-61,11,1,0,1,1,1,0,0,0,0,-96,0,8,1,49125321,0,84,0,0,49.737519,384,[84 -64 4 0 0 0 0 0 0 0 0 0 -2 -14 -1 -14 -1 -13 -1 -14 -1 -14 1 -15 1 -14 2 -13 2 -14 2 -12 2 -14 2 -13 2 -13 2 -13 2 -12 2 -12 3 -12 2 -11 2 -11 2 -11 2 -10 1 -10 2 -9 1 -10 1 -9 1 -9 0 0 0 -9 -1 -8 -1 -8 -1 -8 -1 -8 -1 -8 -1 -8 -2 -7 -2 -7 -2 -7 -2 -6 -3 -6 -3 -6 -3 -5 -3 -5 -4 -5 -3 -4 -4 -4 -5 -4 -4 -3 -4 -3 -5 -3 -5 -3 -6 -2 -5 -2 -6 -1 0 0 0 0 0 0 0 0 0 0 ]
CSI_DATA,AP,08:3A:F2:46:92:18,-61,11,1,0,1,1,1,0,0,0,0,-96,0,8,1,49131322,0,84,0,0,49.777997,384,[84 -64 4 0 0 0 0 0 0 0 0 0 -10 6 -10 6 -10 5 -11 6 -11 5 -12 5 -12 4 -11 4 -11 4 -11 3 -12 4 -11 4 -11 3 -11 2 -11 2 -11 3 -11 2 -10 1 -10 2 -9 2 -9 2 -8 2 -8 1 -9 2 -8 2 -8 2 0 0 -7 3 -7 3 -7 3 -6 3 -6 3 -6 3 -6 3 -5 3 -5 3 -4 3 -4 4 -4 4 -4 4 -4 4 -3 4 -3 4 -2 4 -2 4 -2 3 -1 4 -1 4 -1 4 0 4 0 4 1 4 1 4 0 0 0 0 0 0 0 0 0 0 ]
CSI_DATA,AP,08:3A:F2:46:92:18,-61,11,1,0,1,1,1,0,0,0,0,-96,0,8,1,49145527,0,84,0,0,49.818025,384,[84 -64 4 0 0 0 0 0 0 0 0 0 8 -6 8 -6 8 -6 9 -6 9 -6 9 -5 9 -4 9 -4 9 -4 9 -4 9 -4 9 -4 9 -4 9 -3 9 -3 8 -3 8 -2 8 -2 8 -2 7 -2 7 -2 7 -2 6 -2 7 -3 6 -3 6 -3 0 0 5 -3 5 -3 5 -4 4 -3 5 -4 4 -4 5 -3 4 -4 3 -4 3 -4 3 -4 3 -4 3 -4 2 -4 2 -4 2 -4 2 -5 1 -4 1 -4 0 -4 0 -4 0 -4 0 -5 -1 -5 -1 -4 -1 -4 0 0 0 0 0 0 0 0 0 0 ]
CSI_DATA,AP,08:3A:F2:46:92:18,-61,11,1,0,1,1,1,0,0,0,0,-96,0,8,1,49147511,0,84,0,0,49.852751,384,[84 -64 4 0 0 0 0 0 0 0 0 0 5 10 5 10 5 10 6 11 5 11 3 11 3 12 2 12 3 11 2 11 3 12 2 11 2 11 2 11 1 10 1 11 1 10 1 9 1 9 1 9 1 8 1 8 0 8 2 8 2 8 2 7 0 0 2 7 2 6 3 6 3 5 3 5 3 6 3 5 3 5 3 4 3 4 3 4 3 4 3 4 4 3 3 3 3 2 4 2 3 1 3 2 3 1 4 1 4 0 4 0 4 -1 4 -1 4 -1 0 0 0 0 0 0 0 0 0 0 ]
CSI_DATA,AP,08:3A:F2:46:92:18,-60,11,1,0,1,1,1,0,0,0,0,-96,0,8,1,49153386,0,84,0,0,49.885493,384,[84 -64 4 0 0 0 0 0 0 0 0 0 3 11 3 12 3 11 3 12 2 12 1 13 1 12 0 12 0 12 0 11 1 13 1 12 1 12 1 11 0 11 0 11 -1 11 -1 9 0 10 0 9 0 9 1 8 0 8 1 8 2 8 2 8 0 0 2 7 2 7 2 7 2 6 2 6 3 5 3 6 3 5 3 5 3 5 4 4 3 4 3 4 4 3 3 3 3 2 3 1 4 0 4 0 3 0 4 2 2 0 3 0 2 0 3 -2 5 -2 0 0 0 0 0 0 0 0 0 0 ]
CSI_DATA,AP,08:3A:F2:46:92:18,-66,11,1,0,1,1,1,0,0,0,0,-96,0,8,1,56406475,0,84,0,0,56.879356,384,[84 -64 4 0 0 0 0 0 0 0 0 0 2 6 1 7 2 7 2 7 1 7 0 7 0 8 0 8 0 8 0 7 0 8 0 8 0 8 0 7 -1 7 -1 7 -1 7 -1 6 -1 6 -1 6 -1 5 0 5 -1 5 0 5 0 5 0 4 0 0 0 3 1 4 1 4 1 3 1 3 1 2 1 3 1 2 1 2 1 2 2 1 1 1 1 1 1 0 1 0 1 -1 2 -1 1 -1 1 -2 1 -2 2 -2 1 -3 1 -3 1 -4 1 -4 1 -5 0 0 0 0 0 0 0 0 0 0 ]
CSI_DATA,AP,08:3A:F2:46:92:18,-65,11,1,0,1,1,1,0,0,0,0,-96,0,8,1,56413125,0,84,0,0,56.911652,384,[84 -64 4 0 0 0 0 0 0 0 0 0 -7 2 -7 2 -7 2 -7 2 -7 2 -9 2 -8 1 -8 1 -8 1 -7 1 -8 1 -8 1 -8 1 -8 1 -8 1 -8 1 -7 0 -7 0 -7 0 -7 0 -6 0 -6 0 -6 0 -5 1 -6 1 -5 1 0 0 -4 1 -4 1 -4 2 -3 1 -3 1 -3 1 -3 1 -3 1 -3 1 -2 1 -2 2 -2 1 -1 1 -1 1 -1 1 0 1 1 0 0 0 1 0 1 0 1 0 2 0 2 0 3 0 3 -1 3 -1 0 0 0 0 0 0 0 0 0 0 ]
CSI_DATA,AP,08:3A:F2:46:92:18,-66,11,1,0,1,1,1,0,0,0,0,-96,0,8,1,56418820,0,84,0,0,56.944814,384,[84 -64 4 0 0 0 0 0 0 0 0 0 3 -7 3 -8 3 -7 3 -8 4 -7 4 -8 5 -8 4 -8 5 -8 5 -7 5 -8 5 -8 5 -7 5 -7 5 -7 4 -7 5 -6 4 -6 4 -6 4 -5 4 -5 3 -5 3 -5 3 -5 3 -5 3 -5 0 0 2 -5 2 -4 1 -4 1 -4 1 -4 0 -4 0 -4 0 -4 0 -4 -1 -3 -1 -3 -1 -2 -1 -2 -1 -2 -2 -2 -2 -1 -2 -1 -2 -1 -3 0 -2 0 -3 1 -3 1 -3 2 -3 2 -3 2 -4 3 0 0 0 0 0 0 0 0 0 0 ]
CSI_DATA,AP,08:3A:F2:46:92:18,-66,11,1,0,1,1,1,0,0,0,0,-96,0,8,1,56424421,0,84,0,0,56.981272,384,[84 -64 4 0 0 0 0 0 0 0 0 0 4 -6 5 -5 4 -5 5 -6 5 -5 6 -5 6 -5 6 -5 6 -5 5 -4 6 -5 6 -5 6 -5 6 -4 6 -4 6 -5 6 -4 5 -4 5 -3 4 -3 5 -3 4 -3 4 -3 4 -4 3 -4 3 -4 0 0 3 -3 2 -3 2 -3 2 -3 2 -3 1 -3 1 -3 1 -3 1 -3 0 -3 0 -3 0 -3 -1 -2 -1 -2 -1 -2 -1 -2 -1 -1 -2 -1 -3 -1 -2 -1 -3 0 -3 0 -3 0 -3 1 -4 1 -4 1 0 0 0 0 0 0 0 0 0 0 ]
CSI_DATA,AP,08:3A:F2:46:92:18,-66,11,1,0,1,1,1,0,0,0,0,-96,0,8,1,56430407,0,84,0,0,57.17740,384,[84 -64 4 0 0 0 0 0 0 0 0 0 6 2 6 2 7 3 8 3 8 3 7 3 6 3 6 3 6 4 6 4 7 4 6 4 6 4 6 5 6 5 6 4 5 4 5 4 5 4 5 4 5 4 4 3 4 3 4 3 4 2 4 2 0 0 4 1 4 1 4 1 3 1 4 1 3 1 4 0 3 0 2 0 2 0 2 -1 2 0 2 -1 1 -1 1 -1 0 -2 0 -2 0 -2 -2 -3 -1 -2 -2 -3 -2 -3 -2 -3 -3 -3 -3 -3 -4 -3 0 0 0 0 0 0 0 0 0 0 ]
CSI_DATA,AP,08:3A:F2:46:92:18,-66,11,1,0,1,1,1,0,0,0,0,-96,0,8,1,56437254,0,84,0,0,57.50873,384,[84 -64 4 0 0 0 0 0 0 0 0 0 -4 6 -4 6 -4 5 -4 6 -5 6 -5 6 -5 6 -5 5 -5 5 -5 5 -6 5 -5 5 -6 5 -5 4 -5 4 -6 5 -6 4 -5 4 -5 4 -4 4 -4 3 -4 3 -4 3 -4 3 -3 3 -3 3 0 0 -3 3 -2 3 -2 3 -2 3 -1 3 -1 3 -1 3 -1 2 -1 2 -1 2 -1 2 0 2 0 1 0 1 0 1 1 1 1 0 1 0 1 -1 1 -1 2 -1 1 -1 2 -2 2 -2 2 -3 2 -3 0 0 0 0 0 0 0 0 0 0 ]
CSI_DATA,AP,08:3A:F2:46:92:18,-63,11,0,0,0,0,0,0,0,0,0,-96,0,8,1,56448774,0,84,0,0,57.86060,128,[84 -64 4 0 0 0 0 0 0 0 0 0 12 21 12 23 11 24 12 25 10 25 10 28 10 27 8 28 8 27 7 27 8 29 7 28 5 28 4 26 3 26 4 26 3 25 2 23 3 24 3 23 3 21 3 20 3 18 4 19 4 17 4 17 0 0 4 15 5 14 6 14 5 11 6 11 6 10 6 9 6 8 6 7 5 6 6 6 5 4 5 3 6 1 5 0 6 -2 6 -3 5 -5 6 -6 5 -7 5 -9 4 -11 4 -12 4 -15 4 -16 4 -17 0 0 0 0 0 0 0 0 0 0 ]
CSI_DATA,AP,08:3A:F2:46:92:18,-66,11,1,0,1,1,1,0,0,0,0,-96,0,8,1,56449846,0,84,0,0,57.122029,384,[84 -64 4 0 0 0 0 0 0 0 0 0 -5 5 -5 5 -5 5 -6 5 -5 5 -7 6 -7 5 -6 5 -7 5 -7 4 -7 6 -7 5 -7 4 -7 4 -7 3 -7 4 -7 4 -6 3 -6 3 -6 3 -6 3 -5 2 -5 2 -5 2 -5 3 -4 3 0 0 -4 2 -4 3 -3 3 -3 2 -3 2 -3 2 -2 2 -2 2 -2 2 -2 2 -1 2 -2 2 -1 1 0 2 0 1 0 1 1 1 1 1 1 0 2 0 2 0 2 0 3 -1 3 -1 4 -1 4 -1 0 0 0 0 0 0 0 0 0 0 ]
CSI_DATA,AP,08:3A:F2:46:92:18,-67,11,1,0,1,1,1,0,0,0,0,-96,0,8,1,56455005,0,84,0,0,57.156882,384,[84 -64 4 0 0 0 0 0 0 0 0 0 -3 -7 -2 -7 -3 -7 -3 -8 -3 -8 -2 -8 -2 -8 -2 -8 -1 -9 -1 -8 -2 -9 -1 -9 -2 -9 -1 -8 -1 -8 -1 -8 0 -7 0 -7 -1 -7 -1 -7 -1 -7 -1 -7 0 -6 -1 -6 -2 -6 -1 -6 0 0 -2 -5 -2 -5 -2 -5 -2 -4 -2 -4 -2 -4 -2 -3 -2 -3 -2 -3 -2 -3 -2 -2 -2 -2 -2 -1 -2 -1 -2 -1 -2 -1 -2 0 -2 1 -2 0 -2 1 -2 1 -2 2 -2 2 -1 3 -2 3 -2 4 0 0 0 0 0 0 0 0 0 0 ]
CSI_DATA,AP,08:3A:F2:46:92:18,-66,11,1,0,1,1,1,0,0,0,0,-96,0,8,1,56460356,0,84,0,0,57.195872,384,[84 -64 4 0 0 0 0 0 0 0 0 0 -1 6 -1 7 -1 8 -1 7 -1 7 -2 6 -3 7 -3 6 -2 7 -3 6 -3 7 -3 7 -3 7 -3 6 -3 6 -3 6 -4 6 -4 5 -3 5 -3 5 -3 5 -2 5 -3 4 -2 4 -2 5 -2 4 0 0 -2 4 -1 4 -1 4 -1 3 -1 4 0 3 -1 3 -1 3 -1 2 0 2 0 2 0 2 0 1 1 1 1 1 1 1 1 0 1 0 1 -1 1 -1 2 -1 2 -1 2 -2 2 -2 2 -2 2 -3 0 0 0 0 0 0 0 0 0 0 ]
CSI_DATA,AP,08:3A:F2:46:92:18,-61,11,1,0,1,1,1,0,0,0,0,-96,0,8,1,64607371,0,84,0,0,65.80225,384,[84 -64 4 0 0 0 0 0 0 0 0 0 -8 -4 -8 -4 -8 -5 -9 -4 -7 -6 -7 -6 -7 -7 -6 -7 -5 -7 -5 -6 -6 -7 -5 -7 -5 -7 -4 -7 -4 -7 -4 -7 -4 -7 -4 -6 -3 -6 -3 -6 -4 -5 -4 -5 -4 -5 -4 -5 -5 -5 -4 -4 0 0 -5 -4 -5 -4 -5 -4 -5 -4 -5 -4 -5 -4 -5 -4 -5 -3 -5 -3 -6 -3 -6 -3 -6 -3 -6 -2 -6 -2 -7 -2 -7 -2 -7 -1 -7 -1 -8 -1 -7 -1 -8 -1 -8 -1 -8 0 -8 0 -8 0 -8 0 0 0 0 0 0 0 0 0 0 0 ]
CSI_DATA,AP,08:3A:F2:46:92:18,-58,11,0,0,0,0,0,0,0,0,0,-96,0,8,1,64616209,0,84,0,0,65.116499,128,[84 -64 4 0 0 0 0 0 0 0 0 0 3 25 2 26 0 27 0 27 -2 27 -4 26 -6 26 -8 25 -8 25 -8 24 -9 25 -9 23 -10 22 -9 21 -10 19 -10 20 -9 18 -9 16 -9 17 -8 16 -8 15 -7 15 -6 15 -4 15 -3 16 -4 16 0 0 -2 16 -1 16 0 17 0 16 0 16 1 17 1 17 1 16 2 16 2 17 4 17 4 16 5 17 5 17 6 17 7 18 9 17 9 17 10 19 10 17 10 18 11 18 13 18 15 19 15 18 16 19 0 0 0 0 0 0 0 0 0 0 ]
CSI_DATA,AP,08:3A:F2:46:92:18,-61,11,1,0,1,1,1,0,0,0,0,-96,0,8,1,64619444,0,84,0,0,65.157789,384,[84 -64 4 0 0 0 0 0 0 0 0 0 8 3 8 4 8 2 8 4 7 4 7 6 7 6 6 6 6 6 5 5 6 7 5 7 5 6 4 6 4 6 4 6 4 6 3 5 4 5 3 5 3 5 3 4 3 4 4 4 4 3 4 4 0 0 4 3 5 2 5 2 4 2 5 2 5 2 5 2 5 1 5 1 5 1 5 1 5 1 5 0 5 0 6 0 6 -1 6 -1 6 -1 6 -1 6 -1 7 -2 7 -2 7 -2 7 -2 7 -2 7 -3 0 0 0 0 0 0 0 0 0 0 ]
CSI_DATA,AP,08:3A:F2:46:92:18,-62,11,1,0,1,1,1,0,0,0,0,-96,0,8,1,64625181,0,84,0,0,65.188709,384,[84 -64 4 0 0 0 0 0 0 0 0 0 -9 4 -9 3 -10 3 -10 3 -10 2 -10 1 -10 0 -9 0 -10 0 -10 -1 -10 -1 -10 -1 -10 -1 -9 -2 -9 -2 -9 -2 -8 -1 -7 -2 -7 -1 -7 -1 -7 -1 -7 -1 -6 -1 -7 0 -7 0 -6 0 0 0 -6 1 -6 1 -7 2 -6 2 -6 2 -6 2 -6 2 -6 2 -5 3 -5 3 -5 3 -5 3 -5 4 -5 4 -5 4 -5 5 -4 6 -4 5 -5 5 -4 5 -4 6 -4 6 -4 7 -4 8 -4 8 -4 8 0 0 0 0 0 0 0 0 0 0 ]
CSI_DATA,AP,08:3A:F2:46:92:18,-64,11,1,0,1,1,1,0,0,0,0,-96,0,8,1,64634191,0,84,0,0,65.226384,384,[84 -64 4 0 0 0 0 0 0 0 0 0 1 -7 2 -6 1 -7 2 -7 2 -7 3 -6 3 -6 4 -5 4 -6 4 -5 4 -5 4 -5 4 -5 4 -4 4 -4 4 -4 4 -4 3 -3 3 -3 3 -3 3 -3 3 -3 2 -3 2 -4 2 -4 2 -4 0 0 2 -4 2 -4 1 -4 1 -4 2 -5 1 -4 1 -4 1 -4 1 -4 0 -4 0 -4 0 -4 0 -4 0 -4 0 -5 -1 -5 -1 -5 -2 -5 -2 -5 -2 -5 -2 -6 -2 -6 -2 -6 -3 -7 -2 -6 -3 -7 0 0 0 0 0 0 0 0 0 0 ]
CSI_DATA,AP,08:3A:F2:46:92:18,-63,11,1,0,1,1,1,0,0,0,0,-96,0,8,1,64639123,0,84,0,0,65.263081,384,[84 -64 4 0 0 0 0 0 0 0 0 0 0 8 -1 8 -1 9 -2 9 -3 8 -3 8 -3 8 -4 7 -4 7 -4 7 -4 7 -4 6 -5 7 -4 6 -5 5 -4 5 -4 5 -4 4 -4 5 -4 4 -3 4 -3 4 -3 4 -3 5 -2 5 -2 4 0 0 -2 4 -1 4 -1 5 -1 4 -1 5 0 5 0 5 -1 4 0 4 0 4 1 4 0 5 1 5 1 4 2 5 3 5 3 5 3 5 2 5 3 5 4 6 3 6 4 5 5 5 5 6 5 6 0 0 0 0 0 0 0 0 0 0 ]
CSI_DATA,AP,08:3A:F2:46:92:18,-60,11,0,0,0,0,0,0,0,0,0,-96,0,8,1,64645057,0,84,0,0,65.296075,128,[84 -64 4 0 0 0 0 0 0 0 0 0 25 -12 26 -10 27 -9 28 -8 28 -7 28 -5 28 -3 27 -1 26 -1 26 1 27 1 25 2 24 2 22 3 21 3 21 2 19 3 18 2 18 2 17 1 16 1 16 -1 16 -1 16 -2 15 -3 15 -3 0 0 14 -4 14 -6 14 -6 13 -7 13 -8 14 -8 12 -9 12 -9 11 -10 11 -11 11 -12 10 -12 10 -13 10 -15 10 -16 10 -18 9 -19 9 -20 10 -21 8 -22 9 -23 7 -24 9 -26 8 -28 8 -28 8 -28 0 0 0 0 0 0 0 0 0 0 ]
CSI_DATA,AP,08:3A:F2:46:92:18,-63,11,1,0,1,1,1,0,0,0,0,-96,0,8,1,64649331,0,84,0,0,65.338661,384,[84 -64 4 0 0 0 0 0 0 0 0 0 4 7 2 8 2 8 2 10 1 9 0 9 0 9 0 8 0 9 -1 7 0 8 -1 8 -1 7 -2 7 -1 7 -1 6 -1 6 -1 5 -1 6 -1 5 -1 5 -1 4 -1 5 0 5 0 4 1 4 0 0 1 4 1 4 2 4 2 3 2 3 2 3 3 4 2 3 3 3 3 3 4 3 3 3 4 2 5 2 5 2 6 2 6 1 6 1 6 1 6 1 7 2 7 1 7 1 8 0 8 1 8 1 0 0 0 0 0 0 0 0 0 0 ]
CSI_DATA,AP,08:3A:F2:46:92:18,-63,11,1,0,1,1,1,0,0,0,0,-96,0,8,1,64661178,0,84,0,0,65.369806,384,[84 -64 4 0 0 0 0 0 0 0 0 0 4 6 4 6 3 7 3 7 3 7 2 7 2 7 2 7 1 7 0 7 1 7 1 7 0 6 0 6 0 6 0 6 0 5 0 5 0 5 0 4 0 4 0 4 0 4 1 4 1 4 1 4 0 0 1 3 2 3 2 3 2 2 2 3 2 2 3 2 2 2 3 2 3 2 3 2 3 1 3 1 4 1 4 1 4 1 5 0 5 0 5 0 5 0 5 0 5 0 6 0 6 -1 6 -1 7 -1 0 0 0 0 0 0 0 0 0 0 ]
CSI_DATA,AP,08:3A:F2:46:92:18,-62,11,1,0,1,1,1,0,0,0,0,-96,0,8,1,64662243,0,84,0,0,65.401100,384,[84 -64 4 0 0 0 0 0 0 0 0 0 -3 -12 -2 -12 -1 -12 -1 -12 0 -12 1 -11 1 -11 2 -10 2 -11 3 -10 3 -10 2 -10 3 -9 3 -9 3 -8 2 -9 2 -8 2 -7 2 -7 2 -7 1 -7 1 -7 1 -6 0 -7 0 -7 0 -7 0 0 -1 -6 -1 -6 -2 -6 -2 -6 -1 -6 -2 -6 -2 -6 -2 -5 -3 -5 -3 -5 -4 -5 -4 -5 -4 -5 -5 -5 -5 -5 -6 -5 -6 -4 -6 -4 -7 -5 -7 -4 -8 -5 -8 -4 -8 -4 -9 -4 -9 -4 -9 -4 0 0 0 0 0 0 0 0 0 0 ]
CSI_DATA,AP,08:3A:F2:46:92:18,-54,11,0,0,0,0,0,0,0,0,0,-96,0,8,1,64716344,0,84,0,0,65.440571,128,[84 -64 4 0 0 0 0 0 0 0 0 0 -2 30 -4 30 -5 29 -5 27 -8 28 -9 29 -10 27 -11 26 -11 25 -12 24 -12 24 -12 22 -12 21 -11 19 -11 18 -11 20 -10 17 -9 17 -9 17 -8 16 -7 15 -6 15 -6 14 -5 15 -4 15 -3 15 0 0 -2 14 -1 15 0 15 1 14 2 15 2 15 4 15 3 16 4 14 5 15 7 16 6 14 7 17 7 15 8 17 12 17 12 16 11 16 12 17 10 15 14 17 12 17 15 15 16 17 17 16 15 19 0 0 0 0 0 0 0 0 0 0 ]
CSI_DATA,AP,08:3A:F2:46:92:18,-57,11,0,0,0,0,0,0,0,0,0,-96,0,8,1,64792818,0,84,0,0,65.479130,128,[84 -64 4 0 0 0 0 0 0 0 0 0 24 -19 26 -18 26 -16 27 -16 28 -14 28 -12 28 -10 27 -8 27 -8 26 -6 27 -7 25 -6 25 -5 23 -5 22 -3 21 -4 20 -3 18 -3 17 -4 16 -4 15 -4 14 -6 13 -6 12 -7 11 -9 11 -9 0 0 10 -10 9 -12 10 -13 8 -13 9 -14 9 -15 8 -15 8 -15 7 -16 8 -16 7 -18 6 -17 5 -17 6 -18 5 -19 4 -20 3 -20 3 -20 4 -20 2 -21 2 -21 1 -21 0 -22 -2 -23 -2 -23 -2 -24 0 0 0 0 0 0 0 0 0 0 ]
CSI_DATA,AP,08:3A:F2:46:92:18,-61,11,1,0,1,1,1,0,0,0,0,-96,0,8,1,67580440,0,84,0,0,68.53196,384,[84 -64 4 0 0 0 0 0 0 0 0 0 11 1 11 1 12 1 12 1 11 2 11 3 11 4 10 4 10 4 10 4 10 4 10 4 10 4 10 4 9 4 9 4 8 4 8 4 8 4 8 4 8 4 8 3 7 4 8 3 8 3 8 3 0 0 7 2 7 2 8 2 7 1 7 1 7 1 7 1 6 1 7 1 6 0 6 -1 6 0 6 -1 6 -1 5 0 5 -1 6 -2 5 -2 4 -2 4 -2 4 -2 4 -3 4 -3 4 -4 3 -4 3 -4 0 0 0 0 0 0 0 0 0 0 ]
CSI_DATA,AP,08:3A:F2:46:92:18,-61,11,1,0,1,1,1,0,0,0,0,-96,0,8,1,67587238,0,84,0,0,68.82957,384,[84 -64 4 0 0 0 0 0 0 0 0 0 -5 10 -6 10 -6 10 -7 10 -7 10 -8 9 -7 9 -8 8 -8 8 -8 8 -8 8 -8 8 -9 7 -8 7 -8 6 -8 7 -8 7 -7 6 -7 6 -7 6 -7 5 -7 5 -7 5 -7 6 -6 6 -6 6 0 0 -5 6 -5 6 -5 6 -4 5 -5 6 -4 6 -4 6 -4 5 -4 5 -3 5 -3 6 -3 5 -2 5 -2 5 -2 5 -1 5 -1 5 -1 5 -2 5 0 5 0 5 0 4 0 4 2 4 2 4 2 4 0 0 0 0 0 0 0 0 0 0 ]
CSI_DATA,AP,08:3A:F2:46:92:18,-61,11,1,0,1,1,1,0,0,0,0,-96,0,8,1,67592288,0,84,0,0,68.119902,384,[84 -64 4 0 0 0 0 0 0 0 0 0 3 -12 4 -12 4 -12 5 -12 5 -12 6 -11 6 -11 6 -10 6 -10 6 -9 6 -10 6 -10 7 -9 6 -9 6 -8 6 -9 6 -8 6 -8 6 -8 5 -8 5 -8 5 -8 5 -7 5 -8 4 -8 4 -8 0 0 4 -7 4 -8 3 -8 2 -7 3 -7 3 -7 2 -7 2 -7 1 -7 1 -7 1 -7 1 -6 1 -7 0 -6 0 -6 -1 -6 0 -6 -1 -6 -2 -6 -1 -5 -2 -6 -2 -5 -3 -5 -4 -4 -4 -5 -4 -4 0 0 0 0 0 0 0 0 0 0 ]
CSI_DATA,AP,08:3A:F2:46:92:18,-61,11,1,0,1,1,1,0,0,0,0,-96,0,8,1,67600393,0,84,0,0,68.157331,384,[84 -64 4 0 0 0 0 0 0 0 0 0 4 12 3 12 2 11 3 12 2 11 1 12 1 12 0 12 0 12 0 11 0 12 0 11 0 11 0 10 -1 10 -1 11 -1 10 -1 9 -1 9 -1 9 -1 9 -1 9 -1 8 -1 9 0 8 0 8 0 0 0 7 1 8 1 7 1 6 1 7 1 6 1 6 1 6 2 6 1 6 2 6 1 6 2 5 2 5 3 5 3 4 3 4 3 4 3 3 3 3 3 3 3 3 4 2 4 2 4 1 4 1 0 0 0 0 0 0 0 0 0 0 ]
CSI_DATA,AP,08:3A:F2:46:92:18,-61,11,1,0,1,1,1,0,0,0,0,-96,0,8,1,67604396,0,84,0,0,68.190939,384,[84 -64 4 0 0 0 0 0 0 0 0 0 11 2 12 2 11 2 12 2 11 3 11 4 11 4 10 5 10 4 9 5 10 5 10 5 9 5 9 5 9 5 8 5 8 5 8 5 8 5 8 4 8 4 8 4 7 4 7 4 7 3 7 3 0 0 7 3 7 3 7 3 6 2 6 2 7 2 7 2 6 1 6 1 6 1 6 0 6 1 6 0 5 0 5 0 5 -1 5 -1 5 -1 4 -1 4 -2 4 -2 4 -2 4 -3 4 -4 3 -3 3 -4 0 0 0 0 0 0 0 0 0 0 ]
CSI_DATA,AP,08:3A:F2:46:92:18,-61,11,1,0,1,1,1,0,0,0,0,-96,0,8,1,67612595,0,84,0,0,68.225484,384,[84 -64 4 0 0 0 0 0 0 0 0 0 7 8 7 7 5 7 7 6 5 8 6 9 6 10 5 9 5 9 4 8 5 9 4 9 4 8 4 8 3 8 4 8 3 8 3 8 3 8 3 7 3 7 3 7 2 7 3 7 3 6 3 6 0 0 3 6 3 5 4 6 3 5 3 5 3 5 3 5 3 4 3 4 3 4 4 4 3 4 3 3 4 3 3 3 4 3 4 2 3 2 3 2 3 1 4 1 3 1 4 0 4 0 4 0 4 -1 0 0 0 0 0 0 0 0 0 0 ]
CSI_DATA,AP,08:3A:F2:46:92:18,-61,11,1,0,1,1,1,0,0,0,0,-96,0,8,1,67616382,0,84,0,0,68.255701,384,[84 -64 4 0 0 0 0 0 0 0 0 0 -3 -11 -3 -11 -2 -11 -2 -11 -1 -11 -1 -12 -1 -11 0 -11 0 -11 1 -10 0 -12 0 -11 0 -10 1 -10 1 -10 0 -10 1 -10 1 -9 1 -9 0 -9 1 -8 0 -8 0 -8 0 -8 0 -8 0 -8 0 0 -1 -8 -1 -7 -1 -7 -2 -7 -1 -7 -1 -7 -1 -7 -2 -7 -2 -6 -2 -6 -3 -6 -2 -6 -3 -6 -2 -5 -3 -5 -3 -5 -3 -5 -3 -4 -4 -4 -3 -3 -4 -3 -4 -3 -4 -3 -5 -2 -5 -2 -5 -2 0 0 0 0 0 0 0 0 0 0 ]
CSI_DATA,AP,08:3A:F2:46:92:18,-61,11,1,0,1,1,1,0,0,0,0,-96,0,8,1,67622421,0,84,0,0,68.295511,384,[84 -64 4 0 0 0 0 0 0 0 0 0 -10 7 -9 7 -10 8 -11 7 -11 7 -11 6 -11 6 -11 5 -11 5 -11 4 -11 5 -11 4 -11 4 -11 4 -11 3 -11 4 -10 4 -9 3 -9 3 -9 3 -9 3 -8 3 -9 2 -9 3 -8 3 -8 3 0 0 -7 3 -7 4 -7 4 -6 4 -7 3 -6 4 -7 4 -6 4 -5 4 -5 4 -5 4 -6 4 -5 4 -4 4 -4 4 -4 4 -3 5 -3 4 -3 4 -2 4 -2 4 -2 4 -1 4 -1 5 0 4 0 5 0 0 0 0 0 0 0 0 0 0 ]
CSI_DATA,AP,08:3A:F2:46:92:18,-61,11,1,0,1,1,1,0,0,0,0,-96,0,8,1,67629412,0,84,0,0,68.332511,384,[84 -64 4 0 0 0 0 0 0 0 0 0 5 -11 5 -11 5 -11 6 -11 7 -10 7 -10 7 -9 8 -9 7 -9 7 -8 8 -9 7 -9 7 -8 8 -8 8 -7 7 -8 7 -7 7 -6 7 -6 7 -6 7 -6 6 -6 6 -6 6 -6 6 -7 5 -7 0 0 5 -6 5 -6 4 -7 4 -6 5 -6 4 -6 4 -6 4 -6 3 -6 3 -6 2 -6 3 -6 2 -6 2 -6 2 -6 1 -6 1 -6 0 -6 0 -6 0 -5 0 -6 -1 -5 -1 -5 -2 -6 -2 -6 -2 -6 0 0 0 0 0 0 0 0 0 0 ]
CSI_DATA,AP,08:3A:F2:46:92:18,-61,11,1,0,1,1,1,0,0,0,0,-96,0,8,1,67635073,0,84,0,0,68.369327,384,[84 -64 4 0 0 0 0 0 0 0 0 0 10 1 10 2 10 2 10 2 10 2 9 3 9 3 9 4 9 4 8 4 9 4 9 4 8 4 8 4 8 4 8 4 7 4 7 4 7 4 6 4 6 4 6 4 6 4 6 3 6 3 6 3 0 0 6 3 6 2 6 2 5 1 6 2 6 2 6 2 5 1 5 1 4 1 5 1 5 1 5 0 5 0 4 0 5 -1 5 -1 4 -1 4 -1 4 -2 4 -2 3 -2 4 -2 3 -3 3 -3 3 -3 0 0 0 0 0 0 0 0 0 0 ]
CSI_DATA,AP,08:3A:F2:46:92:18,-58,11,0,0,0,0,0,0,0,0,0,-96,0,8,1,67687704,0,84,0,0,68.403383,128,[84 -64 4 0 0 0 0 0 0 0 0 0 -18 -25 -17 -26 -14 -26 -16 -26 -13 -27 -15 -27 -10 -28 -10 -27 -9 -27 -8 -26 -10 -28 -9 -27 -8 -27 -7 -25 -6 -25 -7 -25 -6 -24 -5 -23 -5 -23 -5 -22 -5 -22 -5 -21 -5 -20 -6 -21 -7 -20 -6 -20 0 0 -6 -19 -7 -18 -8 -18 -8 -17 -7 -17 -8 -17 -8 -17 -6 -17 -8 -15 -8 -14 -8 -13 -10 -14 -10 -13 -10 -13 -10 -12 -11 -12 -11 -11 -10 -7 -11 -10 -10 -8 -7 -12 -12 -5 -13 -5 -17 5 -14 -2 -14 -1 0 0 0 0 0 0 0 0 0 0 ]
CSI_DATA,AP,08:3A:F2:46:92:18,-61,11,1,0,1,1,1,0,0,0,0,-96,0,8,1,70700210,0,84,0,0,71.172955,384,[84 -64 4 0 0 0 0 0 0 0 0 0 -2 11 -3 8 -4 9 -4 8 -2 11 -4 6 -3 9 -5 6 -5 7 -6 6 -4 10 -6 8 -5 7 -4 7 -5 6 -5 6 -4 6 -4 5 -4 5 -4 6 -4 5 -4 5 -4 5 -4 6 -3 6 -3 6 0 0 -3 6 -3 6 -3 7 -2 6 -3 6 -3 6 -3 6 -3 6 -3 6 -2 6 -2 7 -2 6 -2 6 -2 6 -2 6 -2 7 -1 7 -1 6 -1 7 -1 6 -1 6 -1 6 0 6 0 7 0 7 0 7 0 0 0 0 0 0 0 0 0 0 ]
CSI_DATA,AP,08:3A:F2:46:92:18,-58,11,0,0,0,0,0,0,0,0,0,-96,0,8,1,70705299,0,84,0,0,71.208159,128,[84 -64 4 0 0 0 0 0 0 0 0 0 -26 -5 -27 -7 -26 -7 -27 -9 -25 -10 -25 -12 -23 -13 -22 -13 -22 -14 -20 -14 -22 -14 -20 -13 -20 -14 -18 -13 -17 -14 -17 -12 -17 -13 -15 -11 -16 -11 -15 -10 -16 -10 -16 -9 -15 -9 -17 -8 -17 -7 -18 -8 0 0 -18 -7 -19 -6 -20 -6 -19 -5 -20 -6 -20 -6 -20 -6 -20 -6 -19 -5 -19 -5 -21 -4 -19 -4 -20 -3 -21 -4 -20 -3 -22 -2 -21 -1 -21 -1 -21 -1 -21 0 -21 0 -21 1 -21 1 -22 3 -22 3 -22 4 0 0 0 0 0 0 0 0 0 0 ]
CSI_DATA,AP,08:3A:F2:46:92:18,-62,11,1,0,1,1,1,0,0,0,0,-96,0,8,1,70711576,0,84,0,0,71.252521,384,[84 -64 4 0 0 0 0 0 0 0 0 0 9 -3 9 -3 9 -2 9 -2 9 -1 9 0 9 0 9 1 8 1 8 1 8 1 8 1 8 1 7 1 7 1 7 1 6 1 6 1 6 1 6 0 6 0 6 0 5 0 6 -1 6 -1 6 -1 0 0 6 -1 6 -1 7 -1 6 -2 7 -1 7 -2 7 -2 6 -1 6 -2 6 -1 7 -2 6 -2 6 -2 6 -3 7 -2 6 -3 7 -3 6 -3 6 -3 6 -3 7 -3 6 -4 6 -4 6 -5 6 -5 6 -5 0 0 0 0 0 0 0 0 0 0 ]
CSI_DATA,AP,08:3A:F2:46:92:18,-62,11,1,0,1,1,1,0,0,0,0,-96,0,8,1,70717534,0,84,0,0,71.286280,384,[84 -64 4 0 0 0 0 0 0 0 0 0 -8 -7 -7 -8 -7 -7 -7 -8 -6 -8 -5 -9 -5 -9 -4 -9 -4 -9 -3 -9 -4 -9 -3 -9 -3 -9 -3 -8 -2 -8 -3 -7 -2 -7 -2 -6 -2 -6 -3 -6 -2 -6 -3 -6 -3 -6 -4 -6 -4 -6 -4 -6 0 0 -4 -5 -5 -5 -5 -5 -5 -5 -5 -5 -5 -6 -5 -6 -5 -5 -5 -5 -5 -5 -6 -5 -5 -5 -6 -5 -5 -4 -6 -5 -6 -4 -6 -4 -7 -4 -7 -4 -7 -4 -7 -4 -7 -3 -7 -3 -8 -3 -8 -3 -8 -3 0 0 0 0 0 0 0 0 0 0 ]
CSI_DATA,AP,08:3A:F2:46:92:18,-63,11,1,0,1,1,1,0,0,0,0,-96,0,8,1,70721381,0,84,0,0,71.326440,384,[84 -64 4 0 0 0 0 0 0 0 0 0 7 -6 7 -6 7 -6 7 -6 7 -5 8 -4 8 -4 8 -3 8 -3 8 -2 8 -2 7 -2 7 -2 7 -2 7 -2 6 -1 6 -1 5 -1 5 -2 5 -2 5 -2 4 -2 5 -2 5 -3 4 -3 4 -4 0 0 4 -3 4 -4 5 -4 4 -4 5 -4 5 -5 5 -5 4 -4 4 -5 4 -4 4 -5 5 -5 4 -5 4 -5 4 -5 4 -6 4 -6 4 -6 3 -6 4 -6 4 -6 3 -7 3 -7 3 -7 3 -7 3 -7 0 0 0 0 0 0 0 0 0 0 ]
CSI_DATA,AP,08:3A:F2:46:92:18,-64,11,1,0,1,1,1,0,0,0,0,-96,0,8,1,70731832,0,84,0,0,71.362059,384,[84 -64 4 0 0 0 0 0 0 0 0 0 7 -4 8 -3 7 -4 8 -3 8 -3 8 -2 8 -1 7 -1 8 0 7 -1 8 0 7 0 7 0 6 0 6 0 5 0 5 0 5 1 5 0 4 0 4 0 4 -1 4 -1 4 -2 4 -2 4 -2 0 0 4 -3 4 -3 4 -3 3 -3 5 -4 5 -4 5 -4 4 -4 4 -4 4 -3 4 -4 4 -4 4 -4 4 -5 4 -4 3 -5 4 -6 3 -5 3 -6 3 -5 4 -5 3 -6 3 -6 3 -7 2 -7 2 -7 0 0 0 0 0 0 0 0 0 0 ]
CSI_DATA,AP,08:3A:F2:46:92:18,-61,11,0,0,0,0,0,0,0,0,0,-96,0,8,1,70738857,0,84,0,0,71.397473,128,[84 -64 4 0 0 0 0 0 0 0 0 0 -23 14 -24 12 -25 11 -26 11 -25 8 -26 7 -26 6 -25 4 -25 3 -24 2 -24 3 -23 2 -22 1 -20 1 -19 -1 -19 0 -17 -1 -16 0 -16 1 -14 1 -14 1 -13 2 -12 3 -12 5 -11 6 -11 7 0 0 -11 8 -10 9 -11 10 -10 10 -10 11 -11 12 -10 12 -11 12 -10 12 -10 13 -9 14 -9 14 -8 14 -9 15 -8 16 -8 17 -7 17 -7 17 -7 19 -7 18 -6 19 -6 19 -5 21 -4 22 -3 21 -3 23 0 0 0 0 0 0 0 0 0 0 ]
CSI_DATA,AP,08:3A:F2:46:92:18,-65,11,1,0,1,1,1,0,0,0,0,-96,0,8,1,70739484,0,84,0,0,71.436774,384,[84 -64 4 0 0 0 0 0 0 0 0 0 -3 8 -4 8 -5 8 -5 8 -6 7 -6 7 -6 6 -6 5 -6 6 -7 5 -7 6 -6 5 -7 4 -6 4 -7 3 -5 4 -5 3 -5 3 -4 3 -4 3 -4 3 -4 2 -3 3 -2 3 -2 3 -2 4 0 0 -1 4 -1 4 -1 4 0 4 -1 5 0 5 0 5 -1 5 0 5 0 5 0 5 0 5 1 5 1 5 2 5 2 5 2 5 2 5 1 5 2 5 2 5 2 6 3 5 4 5 4 6 4 5 0 0 0 0 0 0 0 0 0 0 ]
CSI_DATA,AP,08:3A:F2:46:92:18,-65,11,1,0,1,1,1,0,0,0,0,-96,0,8,1,70745394,0,84,0,0,71.472415,384,[84 -64 4 0 0 0 0 0 0 0 0 0 -1 -10 0 -10 0 -9 0 -10 1 -10 2 -10 2 -9 2 -9 3 -9 3 -8 3 -9 3 -8 3 -7 3 -7 2 -7 2 -7 2 -6 2 -5 2 -5 2 -5 1 -5 1 -5 1 -4 0 -4 -1 -5 -1 -5 0 0 -2 -4 -2 -4 -3 -4 -3 -4 -3 -5 -3 -4 -4 -5 -4 -4 -4 -4 -4 -4 -5 -4 -5 -4 -5 -4 -5 -3 -5 -4 -6 -3 -6 -3 -6 -3 -7 -4 -6 -3 -7 -3 -7 -3 -7 -2 -8 -2 -7 -2 -8 -2 0 0 0 0 0 0 0 0 0 0 ]
CSI_DATA,AP,08:3A:F2:46:92:18,-64,11,1,0,1,1,1,0,0,0,0,-96,0,8,1,70752816,0,84,0,0,71.511045,384,[84 -64 4 0 0 0 0 0 0 0 0 0 -5 -9 -4 -9 -5 -8 -5 -9 -4 -9 -3 -10 -3 -10 -2 -10 -2 -9 -2 -8 -1 -10 -1 -9 -1 -8 -1 -8 -1 -8 -1 -8 -1 -7 0 -6 -1 -6 -1 -5 -1 -5 -2 -5 -1 -5 -2 -5 -2 -4 -2 -4 0 0 -3 -3 -3 -3 -4 -3 -4 -3 -4 -3 -4 -3 -4 -2 -4 -2 -4 -2 -5 -2 -5 -1 -5 -1 -5 -1 -5 -1 -5 -1 -6 0 -5 0 -5 0 -6 0 -5 1 -6 1 -6 1 -6 2 -6 2 -6 2 -6 2 0 0 0 0 0 0 0 0 0 0 ]
CSI_DATA,AP,08:3A:F2:46:92:18,-64,11,1,0,1,1,1,0,0,0,0,-96,0,8,1,73896577,0,84,0,0,74.369403,384,[84 -64 4 0 0 0 0 0 0 0 0 0 -7 -7 -6 -7 -7 -7 -7 -7 -7 -8 -5 -8 -5 -8 -4 -8 -4 -8 -5 -8 -4 -9 -4 -8 -4 -8 -4 -8 -3 -8 -3 -7 -3 -7 -2 -7 -3 -6 -3 -6 -3 -6 -3 -5 -2 -5 -2 -5 -3 -5 -3 -4 0 0 -3 -4 -4 -4 -4 -3 -4 -3 -3 -3 -4 -3 -4 -2 -4 -2 -4 -2 -4 -2 -4 -1 -4 -1 -4 0 -4 0 -4 0 -4 1 -4 1 -3 1 -4 1 -4 2 -4 2 -4 3 -4 3 -4 4 -5 4 -4 4 0 0 0 0 0 0 0 0 0 0 ]
CSI_DATA,AP,08:3A:F2:46:92:18,-64,11,1,0,1,1,1,0,0,0,0,-96,0,8,1,73903155,0,84,0,0,74.407174,384,[84 -64 4 0 0 0 0 0 0 0 0 0 -5 -9 -5 -10 -5 -9 -5 -10 -4 -10 -3 -10 -3 -11 -3 -11 -2 -10 -2 -9 -3 -10 -2 -10 -2 -9 -2 -9 -2 -9 -1 -9 -1 -8 -1 -7 -1 -7 -1 -7 -1 -7 -1 -6 -1 -5 -2 -6 -2 -6 -2 -5 0 0 -2 -5 -2 -4 -3 -4 -3 -4 -3 -4 -3 -4 -3 -3 -3 -3 -3 -3 -3 -2 -4 -1 -4 -1 -4 -1 -4 -1 -4 -1 -5 0 -4 1 -4 1 -5 1 -4 1 -5 2 -6 2 -5 3 -6 4 -6 3 -6 4 0 0 0 0 0 0 0 0 0 0 ]
CSI_DATA,AP,08:3A:F2:46:92:18,-61,11,0,0,0,0,0,0,0,0,0,-96,0,8,1,73912824,0,84,0,0,74.446422,128,[84 -64 4 0 0 0 0 0 0 0 0 0 -25 -19 -25 -20 -24 -21 -25 -22 -23 -23 -22 -25 -20 -24 -19 -26 -17 -26 -17 -25 -18 -26 -17 -25 -16 -25 -14 -24 -13 -24 -13 -23 -12 -23 -11 -21 -11 -20 -10 -19 -10 -18 -9 -17 -9 -15 -10 -15 -10 -13 -10 -13 0 0 -10 -10 -11 -9 -12 -8 -12 -7 -12 -7 -13 -6 -12 -5 -12 -4 -12 -3 -13 -2 -13 -1 -13 0 -13 2 -13 3 -13 4 -14 6 -13 8 -13 9 -13 10 -14 11 -14 12 -15 14 -14 15 -15 19 -15 18 -16 20 0 0 0 0 0 0 0 0 0 0 ]
CSI_DATA,AP,08:3A:F2:46:92:18,-64,11,1,0,1,1,1,0,0,0,0,-96,0,8,1,73914420,0,84,0,0,74.492718,384,[84 -64 4 0 0 0 0 0 0 0 0 0 0 -10 0 -10 -1 -9 0 -10 0 -10 2 -10 2 -9 2 -9 2 -9 2 -8 2 -9 2 -9 2 -8 3 -8 3 -7 2 -7 2 -7 2 -7 2 -6 2 -6 2 -6 1 -6 2 -5 1 -5 1 -6 1 -5 0 0 0 -5 -1 -4 -1 -5 -1 -4 -1 -5 -1 -4 -1 -4 -2 -4 -2 -4 -2 -4 -3 -3 -3 -3 -3 -3 -3 -2 -3 -2 -4 -2 -4 -1 -4 -1 -5 -2 -5 -1 -5 -1 -6 0 -6 0 -6 1 -7 0 -7 0 0 0 0 0 0 0 0 0 0 0 ]
CSI_DATA,AP,08:3A:F2:46:92:18,-64,11,1,0,1,1,1,0,0,0,0,-96,0,8,1,73920311,0,84,0,0,74.530498,384,[84 -64 4 0 0 0 0 0 0 0 0 0 -3 8 -4 8 -4 8 -5 8 -5 8 -5 7 -6 7 -6 6 -6 7 -6 5 -6 7 -6 6 -7 6 -6 5 -6 5 -6 5 -6 5 -5 4 -5 4 -5 4 -4 4 -4 3 -4 3 -4 3 -4 4 -3 4 0 0 -3 4 -2 4 -2 4 -1 4 -1 3 -1 4 -1 4 -1 3 0 3 0 3 0 3 0 3 0 3 1 3 2 3 2 2 3 2 3 2 2 2 3 2 3 2 4 2 4 2 5 2 5 2 5 1 0 0 0 0 0 0 0 0 0 0 ]
CSI_DATA,AP,08:3A:F2:46:92:18,-64,11,1,0,1,1,1,0,0,0,0,-96,0,8,1,73926418,0,84,0,0,74.565498,384,[84 -64 4 0 0 0 0 0 0 0 0 0 -4 8 -4 8 -5 7 -5 8 -6 7 -6 7 -6 6 -6 6 -6 6 -7 6 -7 6 -6 6 -7 5 -6 5 -7 4 -6 5 -6 4 -6 3 -6 4 -5 4 -5 3 -5 3 -4 2 -4 4 -4 3 -3 3 0 0 -3 4 -2 4 -2 3 -1 3 -1 3 -1 3 -1 3 -1 3 -1 3 0 3 0 3 0 3 1 3 1 3 2 2 2 2 3 3 3 2 2 2 3 2 4 3 4 2 4 2 6 2 5 2 5 2 0 0 0 0 0 0 0 0 0 0 ]
CSI_DATA,AP,08:3A:F2:46:92:18,-64,11,1,0,1,1,1,0,0,0,0,-96,0,8,1,73932877,0,84,0,0,74.599078,384,[84 -64 4 0 0 0 0 0 0 0 0 0 -8 -4 -8 -4 -8 -4 -8 -4 -8 -4 -7 -5 -7 -6 -6 -6 -6 -6 -6 -5 -7 -6 -6 -6 -6 -6 -6 -5 -5 -5 -6 -6 -5 -5 -5 -5 -4 -5 -5 -4 -4 -4 -4 -4 -4 -4 -4 -3 -4 -3 -4 -3 0 0 -4 -2 -4 -2 -4 -1 -4 -1 -3 -1 -4 -1 -4 -1 -4 -1 -3 0 -3 0 -3 0 -4 1 -3 2 -2 2 -3 2 -3 3 -2 1 0 2 -3 3 -2 3 -3 3 -2 4 -1 4 -1 5 -1 5 -1 5 0 0 0 0 0 0 0 0 0 0 ]
CSI_DATA,AP,08:3A:F2:46:92:18,-61,11,0,0,0,0,0,0,0,0,0,-96,0,8,1,73941731,0,84,0,0,74.637869,128,[84 -64 4 0 0 0 0 0 0 0 0 0 -14 26 -16 27 -17 25 -18 27 -18 25 -20 24 -21 23 -21 22 -21 21 -21 19 -22 21 -22 19 -22 18 -20 16 -21 15 -20 15 -19 14 -17 13 -18 13 -16 12 -15 11 -14 11 -13 11 -12 11 -11 11 -10 11 0 0 -7 11 -6 11 -5 12 -4 11 -4 11 -3 12 -2 11 -2 11 0 10 0 10 1 10 2 10 3 9 5 9 6 9 7 9 9 8 10 8 12 8 12 7 13 7 14 6 16 6 18 6 18 5 20 5 0 0 0 0 0 0 0 0 0 0 ]
CSI_DATA,AP,08:3A:F2:46:92:18,-64,11,1,0,1,1,1,0,0,0,0,-96,0,8,1,73949462,0,84,0,0,74.678293,384,[84 -64 4 0 0 0 0 0 0 0 0 0 -9 -3 -9 -4 -10 -3 -9 -4 -9 -4 -8 -5 -8 -5 -8 -6 -8 -6 -8 -6 -8 -6 -8 -6 -8 -5 -7 -6 -6 -6 -7 -6 -6 -5 -5 -5 -6 -5 -5 -5 -5 -4 -5 -4 -4 -4 -5 -3 -5 -3 -5 -3 0 0 -5 -2 -4 -2 -5 -2 -4 -1 -4 -1 -4 -1 -5 -1 -4 0 -4 0 -4 0 -4 1 -4 1 -3 2 -3 1 -3 2 -3 2 -2 3 -2 3 -3 3 -2 3 -2 4 -2 4 -2 5 -1 5 -1 6 -1 6 0 0 0 0 0 0 0 0 0 0 ]
CSI_DATA,AP,08:3A:F2:46:92:18,-61,11,0,0,0,0,0,0,0,0,0,-96,0,8,1,73951886,0,84,0,0,74.716974,128,[84 -64 4 0 0 0 0 0 0 0 0 0 20 20 19 22 18 23 18 24 16 24 15 25 14 26 12 26 11 25 10 26 11 25 10 25 9 24 8 23 6 23 7 23 6 21 5 20 5 19 5 18 5 17 5 16 5 15 6 14 7 13 7 12 0 0 7 10 8 10 9 9 9 8 9 7 10 7 10 6 9 6 9 4 10 4 11 3 10 2 10 1 10 0 11 -1 11 -3 12 -4 12 -5 13 -6 12 -7 13 -9 13 -10 14 -11 15 -14 15 -14 15 -15 0 0 0 0 0 0 0 0 0 0 ]
CSI_DATA,AP,08:3A:F2:46:92:18,-60,11,1,0,1,1,1,0,0,0,0,-96,0,8,1,78916926,0,84,0,0,79.389735,384,[84 -64 4 0 0 0 0 0 0 0 0 0 -5 10 -5 11 -6 11 -6 13 -7 12 -7 11 -7 10 -8 9 -8 10 -8 8 -9 9 -8 9 -9 8 -9 8 -9 7 -8 8 -9 7 -8 7 -8 7 -8 6 -8 6 -7 6 -7 5 -7 6 -7 6 -6 6 0 0 -5 6 -5 6 -5 7 -4 6 -4 7 -4 7 -4 7 -4 7 -3 6 -3 7 -3 7 -3 7 -2 7 -2 7 -2 7 -1 7 -1 7 -1 6 -1 6 0 6 0 7 0 7 0 6 1 7 1 7 2 7 0 0 0 0 0 0 0 0 0 0 ]
CSI_DATA,AP,08:3A:F2:46:92:18,-60,11,1,0,1,1,1,0,0,0,0,-96,0,8,1,78918543,0,84,0,0,79.423710,384,[84 -64 4 0 0 0 0 0 0 0 0 0 3 -12 4 -12 4 -12 4 -12 6 -12 6 -12 6 -11 7 -11 7 -11 7 -10 7 -11 6 -11 7 -10 7 -10 7 -9 7 -9 7 -9 7 -8 7 -8 6 -8 7 -7 6 -7 5 -8 5 -8 4 -8 4 -8 0 0 3 -8 3 -8 2 -8 2 -8 3 -8 2 -8 2 -8 2 -8 1 -8 1 -8 0 -8 1 -8 0 -8 0 -8 0 -8 -1 -8 -1 -8 -2 -8 -2 -8 -2 -7 -2 -8 -3 -7 -3 -7 -4 -7 -4 -7 -4 -7 0 0 0 0 0 0 0 0 0 0 ]
CSI_DATA,AP,08:3A:F2:46:92:18,-60,11,1,0,1,1,1,0,0,0,0,-96,0,8,1,78918995,0,84,0,0,79.462672,384,[84 -64 4 0 0 0 0 0 0 0 0 0 -5 -12 -5 -12 -5 -12 -5 -13 -4 -12 -3 -13 -3 -13 -2 -13 -2 -13 -2 -12 -2 -13 -2 -13 -1 -12 -1 -12 0 -12 -1 -12 0 -12 0 -11 0 -11 0 -10 0 -10 0 -10 0 -9 -1 -10 -2 -9 -2 -9 0 0 -2 -9 -2 -8 -3 -8 -3 -8 -3 -8 -3 -8 -3 -8 -3 -8 -4 -8 -4 -7 -5 -7 -4 -7 -5 -7 -4 -7 -5 -6 -5 -6 -5 -6 -6 -6 -6 -6 -6 -5 -6 -5 -6 -5 -6 -5 -7 -4 -7 -4 -7 -4 0 0 0 0 0 0 0 0 0 0 ]
CSI_DATA,AP,08:3A:F2:46:92:18,-60,11,1,0,1,1,1,0,0,0,0,-96,0,8,1,78919329,0,84,0,0,79.504182,384,[84 -64 4 0 0 0 0 0 0 0 0 0 4 -10 5 -10 5 -10 5 -11 6 -10 6 -10 7 -9 6 -9 7 -9 7 -8 7 -9 7 -8 8 -8 8 -8 7 -7 7 -7 7 -7 7 -6 7 -6 6 -6 6 -6 6 -6 5 -5 6 -6 5 -6 5 -6 0 0 4 -6 4 -7 4 -7 3 -6 4 -7 3 -7 3 -7 3 -7 2 -7 2 -6 2 -7 2 -7 2 -6 1 -7 1 -6 1 -7 1 -7 0 -7 0 -7 -1 -6 0 -7 -1 -7 -1 -7 -2 -7 -2 -7 -2 -7 0 0 0 0 0 0 0 0 0 0 ]
CSI_DATA,AP,08:3A:F2:46:92:18,-60,11,1,0,1,1,1,0,0,0,0,-96,0,8,1,78919621,0,84,0,0,79.539629,384,[84 -64 4 0 0 0 0 0 0 0 0 0 -4 -11 -3 -11 -3 -11 -3 -11 -1 -12 -2 -12 -1 -12 0 -11 0 -11 0 -11 -1 -12 0 -11 0 -11 1 -11 1 -11 0 -11 1 -10 1 -9 1 -10 1 -9 1 -9 1 -8 1 -8 0 -9 -1 -8 0 -8 0 0 -1 -8 -1 -8 -1 -8 -2 -7 -2 -8 -2 -8 -2 -8 -2 -7 -2 -7 -3 -6 -4 -7 -3 -7 -3 -6 -4 -6 -4 -6 -4 -6 -4 -6 -4 -6 -5 -6 -4 -5 -5 -5 -5 -5 -5 -5 -6 -4 -6 -4 -6 -4 0 0 0 0 0 0 0 0 0 0 ]
CSI_DATA,AP,08:3A:F2:46:92:18,-60,11,1,0,1,1,1,0,0,0,0,-96,0,8,1,78919976,0,84,0,0,79.579946,384,[84 -64 4 0 0 0 0 0 0 0 0 0 11 5 10 5 10 5 10 6 10 6 9 7 9 8 9 8 9 8 8 8 9 8 8 8 8 8 7 8 7 8 7 9 6 8 6 8 6 7 6 7 6 7 6 6 5 7 6 6 6 5 6 5 0 0 6 5 6 4 6 4 6 4 6 4 7 3 7 3 6 3 7 3 6 3 7 2 6 2 7 2 7 1 7 1 7 1 7 0 6 0 7 0 6 0 7 0 7 -1 7 -1 7 -2 7 -1 6 -2 0 0 0 0 0 0 0 0 0 0 ]
CSI_DATA,AP,08:3A:F2:46:92:18,-60,11,1,0,1,1,1,0,0,0,0,-96,0,8,1,78920196,0,84,0,0,79.612081,384,[84 -64 4 0 0 0 0 0 0 0 0 0 -13 0 -13 -1 -13 0 -14 -1 -13 -2 -13 -3 -13 -3 -12 -4 -12 -4 -12 -4 -13 -5 -12 -4 -12 -4 -11 -5 -11 -5 -11 -5 -10 -5 -10 -5 -10 -5 -9 -4 -9 -4 -9 -4 -8 -4 -10 -3 -9 -3 -9 -3 0 0 -8 -2 -9 -1 -9 -1 -8 -1 -9 -1 -9 -1 -9 -1 -8 -1 -8 0 -8 0 -8 1 -8 0 -8 1 -8 1 -8 1 -8 2 -7 2 -7 2 -7 2 -6 2 -7 2 -7 3 -6 3 -7 4 -7 4 -6 4 0 0 0 0 0 0 0 0 0 0 ]
CSI_DATA,AP,08:3A:F2:46:92:18,-60,11,1,0,1,1,1,0,0,0,0,-96,0,8,1,78920443,0,84,0,0,79.652417,384,[84 -64 4 0 0 0 0 0 0 0 0 0 11 5 10 5 11 5 11 5 10 6 10 7 10 7 9 8 9 8 8 8 9 9 8 8 8 8 7 8 7 8 8 9 6 8 6 8 6 7 6 7 5 7 6 6 5 6 6 6 6 5 6 5 0 0 6 5 6 4 7 4 6 3 6 4 7 3 7 3 7 3 7 3 6 3 7 3 6 3 6 2 7 2 7 1 7 1 7 1 7 0 7 0 6 0 6 0 7 0 7 -1 7 -1 7 -1 7 -2 0 0 0 0 0 0 0 0 0 0 ]
CSI_DATA,AP,08:3A:F2:46:92:18,-60,11,1,0,1,1,1,0,0,0,0,-96,0,8,1,78920771,0,84,0,0,79.686545,384,[84 -64 4 0 0 0 0 0 0 0 0 0 2 12 1 12 1 12 0 12 0 12 -1 12 -1 12 -2 12 -2 12 -3 11 -2 12 -2 12 -3 11 -3 11 -3 10 -3 11 -4 10 -3 9 -3 9 -3 9 -3 9 -3 8 -3 8 -2 8 -2 8 -1 8 0 0 -1 8 -1 8 0 8 0 7 0 8 1 8 1 8 0 7 1 7 1 7 2 7 1 7 2 7 2 7 2 7 3 6 3 7 3 6 2 6 3 5 3 6 4 5 4 5 5 5 5 5 5 4 0 0 0 0 0 0 0 0 0 0 ]
